# Blender 4.1.1
# www.blender.org
mtllib Boss.mtl
o Core
v 0.000000 12.472044 -8.333553
v 0.000000 8.333553 -12.472044
v 0.000000 2.926355 -14.711779
v 0.000000 0.000000 -15.000000
v 0.000000 -2.926355 -14.711779
v 0.000000 -8.333553 -12.472044
v 0.570903 14.711779 -2.870126
v 1.119868 13.858192 -5.629954
v 1.625796 12.472044 -8.173427
v 2.069245 10.606602 -10.402799
v 2.433175 8.333553 -12.232397
v 2.703599 5.740252 -13.591911
v 2.870126 2.926355 -14.429095
v 2.926355 0.000000 -14.711779
v 2.870126 -2.926355 -14.429095
v 2.703599 -5.740252 -13.591911
v 2.433175 -8.333553 -12.232397
v 2.069245 -10.606602 -10.402799
v 1.625796 -12.472044 -8.173427
v 1.119868 -13.858192 -5.629954
v 0.570903 -14.711779 -2.870126
v 1.119867 14.711779 -2.703599
v 2.196699 13.858192 -5.303301
v 3.189113 12.472044 -7.699199
v 4.058971 10.606602 -9.799222
v 4.772844 8.333553 -11.522664
v 5.303300 5.740252 -12.803300
v 5.629954 2.926355 -13.591911
v 5.740252 0.000000 -13.858191
v 5.629954 -2.926355 -13.591911
v 5.303300 -5.740252 -12.803300
v 4.772844 -8.333553 -11.522664
v 4.058971 -10.606602 -9.799222
v 3.189113 -12.472044 -7.699199
v 2.196699 -13.858192 -5.303301
v 1.119867 -14.711779 -2.703599
v 1.625795 14.711779 -2.433175
v 3.189113 13.858192 -4.772845
v 4.629874 12.472044 -6.929095
v 5.892712 10.606602 -8.819067
v 6.929095 8.333553 -10.370124
v 7.699199 5.740252 -11.522665
v 8.173427 2.926355 -12.232397
v 8.333553 0.000000 -12.472042
v 8.173427 -2.926355 -12.232397
v 7.699199 -5.740252 -11.522665
v 6.929095 -8.333553 -10.370124
v 5.892712 -10.606602 -8.819067
v 4.629874 -12.472044 -6.929095
v 3.189113 -13.858192 -4.772845
v 1.625795 -14.711779 -2.433175
v 2.069245 14.711779 -2.069245
v 4.058971 13.858192 -4.058970
v 5.892712 12.472044 -5.892711
v 7.500000 10.606602 -7.500000
v 8.819066 8.333553 -8.819065
v 9.799221 5.740252 -9.799222
v 10.402799 2.926355 -10.402798
v 10.606602 0.000000 -10.606599
v 10.402799 -2.926355 -10.402798
v 9.799221 -5.740252 -9.799222
v 8.819066 -8.333553 -8.819065
v 7.500000 -10.606602 -7.500000
v 5.892712 -12.472044 -5.892711
v 4.058971 -13.858192 -4.058970
v 2.069245 -14.711779 -2.069245
v 2.433175 14.711779 -1.625795
v 4.772845 13.858192 -3.189113
v 6.929096 12.472044 -4.629873
v 8.819067 10.606602 -5.892712
v 10.370125 8.333553 -6.929094
v 11.522664 5.740252 -7.699200
v 12.232397 2.926355 -8.173425
v 12.472043 0.000000 -8.333550
v 12.232397 -2.926355 -8.173425
v 11.522664 -5.740252 -7.699200
v 10.370125 -8.333553 -6.929094
v 8.819067 -10.606602 -5.892712
v 6.929096 -12.472044 -4.629873
v 4.772845 -13.858192 -3.189113
v 2.433175 -14.711779 -1.625795
v 0.000000 15.000000 0.000000
v 2.703599 14.711779 -1.119867
v 5.303300 13.858192 -2.196699
v 7.699199 12.472044 -3.189112
v 9.799222 10.606602 -4.058971
v 11.522664 8.333553 -4.772842
v 12.803299 5.740252 -5.303301
v 13.591910 2.926355 -5.629952
v 13.858191 0.000000 -5.740248
v 13.591910 -2.926355 -5.629952
v 12.803299 -5.740252 -5.303301
v 11.522664 -8.333553 -4.772842
v 9.799222 -10.606602 -4.058971
v 7.699199 -12.472044 -3.189112
v 5.303300 -13.858192 -2.196699
v 2.703599 -14.711779 -1.119867
v 2.870125 14.711779 -0.570903
v 5.629953 13.858192 -1.119867
v 8.173426 12.472044 -1.625795
v 10.402799 10.606602 -2.069246
v 12.232395 8.333553 -2.433173
v 13.591910 5.740252 -2.703600
v 14.429094 2.926355 -2.870124
v 14.711776 0.000000 -2.926352
v 14.429094 -2.926355 -2.870124
v 13.591910 -5.740252 -2.703600
v 12.232395 -8.333553 -2.433173
v 10.402799 -10.606602 -2.069246
v 8.173426 -12.472044 -1.625795
v 5.629953 -13.858192 -1.119867
v 2.870125 -14.711779 -0.570903
v 2.926354 14.711779 0.000000
v 5.740251 13.858192 0.000000
v 8.333551 12.472044 0.000001
v 10.606601 10.606602 -0.000000
v 12.472041 8.333553 0.000001
v 13.858191 5.740252 -0.000001
v 14.711777 2.926355 0.000001
v 14.999995 0.000000 0.000002
v 14.711777 -2.926355 0.000001
v 13.858191 -5.740252 -0.000001
v 12.472041 -8.333553 0.000001
v 10.606601 -10.606602 -0.000000
v 8.333551 -12.472044 0.000001
v 5.740251 -13.858192 0.000000
v 2.926354 -14.711779 0.000000
v 2.870125 14.711779 0.570903
v 5.629953 13.858192 1.119868
v 8.173425 12.472044 1.625796
v 10.402798 10.606602 2.069245
v 12.232394 8.333553 2.433176
v 13.591910 5.740252 2.703598
v 14.429093 2.926355 2.870126
v 14.711773 0.000000 2.926356
v 14.429093 -2.926355 2.870126
v 13.591910 -5.740252 2.703598
v 12.232394 -8.333553 2.433176
v 10.402798 -10.606602 2.069245
v 8.173425 -12.472044 1.625796
v 5.629953 -13.858192 1.119868
v 2.870125 -14.711779 0.570903
v 2.703598 14.711779 1.119867
v 5.303300 13.858192 2.196699
v 7.699197 12.472044 3.189113
v 9.799221 10.606602 4.058970
v 11.522663 8.333553 4.772845
v 12.803299 5.740252 5.303299
v 13.591908 2.926355 5.629954
v 13.858187 0.000000 5.740252
v 13.591908 -2.926355 5.629954
v 12.803299 -5.740252 5.303299
v 11.522663 -8.333553 4.772845
v 9.799221 -10.606602 4.058970
v 7.699197 -12.472044 3.189113
v 5.303300 -13.858192 2.196699
v 2.703598 -14.711779 1.119867
v 2.433174 14.711779 1.625795
v 4.772844 13.858192 3.189113
v 6.929093 12.472044 4.629874
v 8.819066 10.606602 5.892711
v 10.370122 8.333553 6.929095
v 11.522664 5.740252 7.699198
v 12.232394 2.926355 8.173426
v 12.472036 0.000000 8.333552
v 12.232394 -2.926355 8.173426
v 11.522664 -5.740252 7.699198
v 10.370122 -8.333553 6.929095
v 8.819066 -10.606602 5.892711
v 6.929093 -12.472044 4.629874
v 4.772844 -13.858192 3.189113
v 2.433174 -14.711779 1.625795
v 2.069244 14.711779 2.069244
v 4.058969 13.858192 4.058970
v 5.892709 12.472044 5.892711
v 7.499999 10.606602 7.499999
v 8.819063 8.333553 8.819065
v 9.799221 5.740252 9.799220
v 10.402796 2.926355 10.402798
v 10.606593 0.000000 10.606600
v 10.402796 -2.926355 10.402798
v 9.799221 -5.740252 9.799220
v 8.819063 -8.333553 8.819065
v 7.499999 -10.606602 7.499999
v 5.892709 -12.472044 5.892711
v 4.058969 -13.858192 4.058970
v 2.069244 -14.711779 2.069244
v 1.625795 14.711779 2.433174
v 3.189112 13.858192 4.772844
v 4.629871 12.472044 6.929095
v 5.892711 10.606602 8.819066
v 6.929093 8.333553 10.370123
v 7.699199 5.740252 11.522663
v 8.173423 2.926355 12.232395
v 8.333546 0.000000 12.472040
v 8.173423 -2.926355 12.232395
v 7.699199 -5.740252 11.522663
v 6.929093 -8.333553 10.370123
v 5.892711 -10.606602 8.819066
v 4.629871 -12.472044 6.929095
v 3.189112 -13.858192 4.772844
v 1.625795 -14.711779 2.433174
v 1.119867 14.711779 2.703598
v 2.196698 13.858192 5.303300
v 3.189110 12.472044 7.699197
v 4.058970 10.606602 9.799221
v 4.772841 8.333553 11.522663
v 5.303300 5.740252 12.803298
v 5.629951 2.926355 13.591908
v 5.740244 0.000000 13.858187
v 5.629951 -2.926355 13.591908
v 5.303300 -5.740252 12.803298
v 4.772841 -8.333553 11.522663
v 4.058970 -10.606602 9.799221
v 3.189110 -12.472044 7.699197
v 2.196698 -13.858192 5.303300
v 1.119867 -14.711779 2.703598
v 0.570903 14.711779 2.870124
v 1.119866 13.858192 5.629953
v 1.625793 12.472044 8.173423
v 2.069245 10.606602 10.402798
v 2.433173 8.333553 12.232393
v 2.703599 5.740252 13.591908
v 2.870123 2.926355 14.429091
v 2.926349 0.000000 14.711772
v 2.870123 -2.926355 14.429091
v 2.703599 -5.740252 13.591908
v 2.433173 -8.333553 12.232393
v 2.069245 -10.606602 10.402798
v 1.625793 -12.472044 8.173423
v 1.119866 -13.858192 5.629953
v 0.570903 -14.711779 2.870124
v -0.000000 14.711779 2.926353
v -0.000001 13.858192 5.740250
v -0.000001 12.472044 8.333549
v -0.000000 10.606602 10.606600
v -0.000002 8.333553 12.472039
v 0.000000 5.740252 13.858189
v -0.000002 2.926355 14.711774
v -0.000005 0.000000 14.999990
v -0.000002 -2.926355 14.711774
v 0.000000 -5.740252 13.858189
v -0.000002 -8.333553 12.472039
v -0.000000 -10.606602 10.606600
v -0.000001 -12.472044 8.333549
v -0.000001 -13.858192 5.740250
v -0.000000 -14.711779 2.926353
v -0.570903 14.711779 2.870124
v -1.119868 13.858192 5.629953
v -1.625796 12.472044 8.173422
v -2.069245 10.606602 10.402797
v -2.433176 8.333553 12.232392
v -2.703598 5.740252 13.591908
v -2.870127 2.926355 14.429090
v -2.926358 0.000000 14.711768
v -2.870127 -2.926355 14.429090
v -2.703598 -5.740252 13.591908
v -2.433176 -8.333553 12.232392
v -2.069245 -10.606602 10.402797
v -1.625796 -12.472044 8.173422
v -1.119868 -13.858192 5.629953
v -0.570903 -14.711779 2.870124
v -1.119867 14.711779 2.703597
v -2.196699 13.858192 5.303299
v -3.189113 12.472044 7.699194
v -4.058970 10.606602 9.799220
v -4.772844 8.333553 11.522661
v -5.303298 5.740252 12.803297
v -5.629954 2.926355 13.591906
v -5.740252 0.000000 13.858181
v -5.629954 -2.926355 13.591906
v -5.303298 -5.740252 12.803297
v -4.772844 -8.333553 11.522661
v -4.058970 -10.606602 9.799220
v -3.189113 -12.472044 7.699194
v -2.196699 -13.858192 5.303299
v -1.119867 -14.711779 2.703597
v -1.625795 14.711779 2.433173
v -3.189113 13.858192 4.772843
v -4.629873 12.472044 6.929091
v -5.892711 10.606602 8.819065
v -6.929094 8.333553 10.370120
v -7.699196 5.740252 11.522663
v -8.173426 2.926355 12.232391
v -8.333551 0.000000 12.472032
v -8.173426 -2.926355 12.232391
v -7.699196 -5.740252 11.522663
v -6.929094 -8.333553 10.370120
v -5.892711 -10.606602 8.819065
v -4.629873 -12.472044 6.929091
v -3.189113 -13.858192 4.772843
v -1.625795 -14.711779 2.433173
v -2.069244 14.711779 2.069244
v -4.058970 13.858192 4.058969
v -5.892710 12.472044 5.892707
v -7.499999 10.606602 7.499998
v -8.819064 8.333553 8.819061
v -9.799218 5.740252 9.799219
v -10.402797 2.926355 10.402793
v -10.606597 0.000000 10.606589
v -10.402797 -2.926355 10.402793
v -9.799218 -5.740252 9.799219
v -8.819064 -8.333553 8.819061
v -7.499999 -10.606602 7.499998
v -5.892710 -12.472044 5.892707
v -4.058970 -13.858192 4.058969
v -2.069244 -14.711779 2.069244
v 0.000000 -15.000000 0.000000
v -2.433173 14.711779 1.625794
v -4.772843 13.858192 3.189111
v -6.929093 12.472044 4.629869
v -8.819065 10.606602 5.892710
v -10.370122 8.333553 6.929091
v -11.522662 5.740252 7.699197
v -12.232394 2.926355 8.173420
v -12.472036 0.000000 8.333541
v -12.232394 -2.926355 8.173420
v -11.522662 -5.740252 7.699197
v -10.370122 -8.333553 6.929091
v -8.819065 -10.606602 5.892710
v -6.929093 -12.472044 4.629869
v -4.772843 -13.858192 3.189111
v -2.433173 -14.711779 1.625794
v -2.703597 14.711779 1.119866
v -5.303299 13.858192 2.196698
v -7.699194 12.472044 3.189109
v -9.799220 10.606602 4.058969
v -11.522661 8.333553 4.772840
v -12.803296 5.740252 5.303299
v -13.591908 2.926355 5.629948
v -13.858183 0.000000 5.740240
v -13.591908 -2.926355 5.629948
v -12.803296 -5.740252 5.303299
v -11.522661 -8.333553 4.772840
v -9.799220 -10.606602 4.058969
v -7.699194 -12.472044 3.189109
v -5.303299 -13.858192 2.196698
v -2.703597 -14.711779 1.119866
v -2.870123 14.711779 0.570903
v -5.629952 13.858192 1.119866
v -8.173420 12.472044 1.625792
v -10.402797 10.606602 2.069244
v -12.232391 8.333553 2.433172
v -13.591907 5.740252 2.703598
v -14.429090 2.926355 2.870121
v -14.711766 0.000000 2.926345
v -14.429090 -2.926355 2.870121
v -13.591907 -5.740252 2.703598
v -12.232391 -8.333553 2.433172
v -10.402797 -10.606602 2.069244
v -8.173420 -12.472044 1.625792
v -5.629952 -13.858192 1.119866
v -2.870123 -14.711779 0.570903
v -2.926352 14.711779 -0.000000
v -5.740249 13.858192 -0.000001
v -8.333547 12.472044 -0.000002
v -10.606599 10.606602 -0.000000
v -12.472037 8.333553 -0.000002
v -13.858187 5.740252 -0.000000
v -14.711773 2.926355 -0.000004
v -14.999986 0.000000 -0.000007
v -14.711773 -2.926355 -0.000004
v -13.858187 -5.740252 -0.000000
v -12.472037 -8.333553 -0.000002
v -10.606599 -10.606602 -0.000000
v -8.333547 -12.472044 -0.000002
v -5.740249 -13.858192 -0.000001
v -2.926352 -14.711779 -0.000000
v -2.870123 14.711779 -0.570903
v -5.629951 13.858192 -1.119868
v -8.173420 12.472044 -1.625797
v -10.402796 10.606602 -2.069245
v -12.232389 8.333553 -2.433177
v -13.591906 5.740252 -2.703598
v -14.429089 2.926355 -2.870128
v -14.711763 0.000000 -2.926359
v -14.429089 -2.926355 -2.870128
v -13.591906 -5.740252 -2.703598
v -12.232389 -8.333553 -2.433177
v -10.402796 -10.606602 -2.069245
v -8.173420 -12.472044 -1.625797
v -5.629951 -13.858192 -1.119868
v -2.870123 -14.711779 -0.570903
v -2.703597 14.711779 -1.119867
v -5.303298 13.858192 -2.196699
v -7.699192 12.472044 -3.189112
v -9.799219 10.606602 -4.058970
v -11.522658 8.333553 -4.772844
v -12.803295 5.740252 -5.303298
v -13.591903 2.926355 -5.629955
v -13.858176 0.000000 -5.740252
v -13.591903 -2.926355 -5.629955
v -12.803295 -5.740252 -5.303298
v -11.522658 -8.333553 -4.772844
v -9.799219 -10.606602 -4.058970
v -7.699192 -12.472044 -3.189112
v -5.303298 -13.858192 -2.196699
v -2.703597 -14.711779 -1.119867
v -2.433173 14.711779 -1.625794
v -4.772841 13.858192 -3.189112
v -6.929088 12.472044 -4.629872
v -8.819064 10.606602 -5.892711
v -10.370117 8.333553 -6.929094
v -11.522661 5.740252 -7.699196
v -12.232388 2.926355 -8.173426
v -12.472027 0.000000 -8.333551
v -12.232388 -2.926355 -8.173426
v -11.522661 -5.740252 -7.699196
v -10.370117 -8.333553 -6.929094
v -8.819064 -10.606602 -5.892711
v -6.929088 -12.472044 -4.629872
v -4.772841 -13.858192 -3.189112
v -2.433173 -14.711779 -1.625794
v -2.069243 14.711779 -2.069244
v -4.058968 13.858192 -4.058969
v -5.892704 12.472044 -5.892709
v -7.499997 10.606602 -7.499998
v -8.819058 8.333553 -8.819063
v -9.799217 5.740252 -9.799217
v -10.402790 2.926355 -10.402796
v -10.606586 0.000000 -10.606595
v -10.402790 -2.926355 -10.402796
v -9.799217 -5.740252 -9.799217
v -8.819058 -8.333553 -8.819063
v -7.499997 -10.606602 -7.499998
v -5.892704 -12.472044 -5.892709
v -4.058968 -13.858192 -4.058969
v -2.069243 -14.711779 -2.069244
v -1.625794 14.711779 -2.433173
v -3.189111 13.858192 -4.772842
v -4.629867 12.472044 -6.929091
v -5.892710 10.606602 -8.819065
v -6.929089 8.333553 -10.370120
v -7.699195 5.740252 -11.522661
v -8.173419 2.926355 -12.232392
v -8.333538 0.000000 -12.472034
v -8.173419 -2.926355 -12.232392
v -7.699195 -5.740252 -11.522661
v -6.929089 -8.333553 -10.370120
v -5.892710 -10.606602 -8.819065
v -4.629867 -12.472044 -6.929091
v -3.189111 -13.858192 -4.772842
v -1.625794 -14.711779 -2.433173
v -1.119866 14.711779 -2.703597
v -2.196697 13.858192 -5.303298
v -3.189106 12.472044 -7.699193
v -4.058969 10.606602 -9.799220
v -4.772838 8.333553 -11.522659
v -5.303298 5.740252 -12.803295
v -5.629947 2.926355 -13.591905
v -5.740238 0.000000 -13.858179
v -5.629947 -2.926355 -13.591905
v -5.303298 -5.740252 -12.803295
v -4.772838 -8.333553 -11.522659
v -4.058969 -10.606602 -9.799220
v -3.189106 -12.472044 -7.699193
v -2.196697 -13.858192 -5.303298
v -1.119866 -14.711779 -2.703597
v -0.570903 14.711779 -2.870123
v -1.119866 13.858192 -5.629951
v -1.625791 12.472044 -8.173418
v -2.069244 10.606602 -10.402797
v -2.433170 8.333553 -12.232388
v -2.703597 5.740252 -13.591905
v -2.870120 2.926355 -14.429089
v -2.926344 0.000000 -14.711762
v -2.870120 -2.926355 -14.429089
v -2.703597 -5.740252 -13.591905
v -2.433170 -8.333553 -12.232388
v -2.069244 -10.606602 -10.402797
v -1.625791 -12.472044 -8.173418
v -1.119866 -13.858192 -5.629951
v -0.570903 -14.711779 -2.870123
v 0.000000 14.711779 -2.926352
v 0.000001 13.858192 -5.740248
v 0.000001 10.606602 -10.606599
v 0.000001 5.740252 -13.858186
v 0.000001 -5.740252 -13.858186
v 0.000001 -10.606602 -10.606599
v 0.000003 -12.472044 -8.333543
v 0.000001 -13.858192 -5.740248
v 0.000000 -14.711779 -2.926352
vn 0.0759 0.6326 -0.7708
vn 0.0624 -0.7715 -0.6332
vn 0.0865 0.4696 -0.8786
vn 0.0464 -0.8810 -0.4709
vn 0.0938 0.2890 -0.9527
vn 0.0286 -0.9565 -0.2902
vn 0.0975 0.0975 -0.9904
vn 0.0097 0.9951 -0.0980
vn 0.0097 -0.9951 -0.0980
vn 0.0975 -0.0976 -0.9904
vn 0.0286 0.9565 -0.2902
vn 0.0938 -0.2890 -0.9527
vn 0.0464 0.8810 -0.4709
vn 0.0865 -0.4696 -0.8786
vn 0.0624 0.7715 -0.6332
vn 0.0759 -0.6326 -0.7708
vn 0.1847 0.7715 -0.6088
vn 0.2248 -0.6326 -0.7412
vn 0.2248 0.6326 -0.7412
vn 0.1847 -0.7715 -0.6088
vn 0.2563 0.4696 -0.8448
vn 0.1374 -0.8810 -0.4528
vn 0.2779 0.2890 -0.9161
vn 0.0846 -0.9565 -0.2790
vn 0.2889 0.0976 -0.9524
vn 0.0286 0.9951 -0.0942
vn 0.0286 -0.9951 -0.0942
vn 0.2889 -0.0976 -0.9524
vn 0.0846 0.9565 -0.2790
vn 0.2779 -0.2890 -0.9161
vn 0.1374 0.8810 -0.4528
vn 0.2563 -0.4696 -0.8448
vn 0.4691 0.0975 -0.8777
vn 0.0464 0.9951 -0.0869
vn 0.0464 -0.9951 -0.0869
vn 0.4691 -0.0975 -0.8777
vn 0.1374 0.9565 -0.2571
vn 0.4513 -0.2890 -0.8443
vn 0.2231 0.8810 -0.4173
vn 0.4162 -0.4696 -0.7786
vn 0.2999 0.7715 -0.5611
vn 0.3651 -0.6326 -0.6831
vn 0.3651 0.6326 -0.6831
vn 0.2999 -0.7715 -0.5611
vn 0.4162 0.4696 -0.7786
vn 0.2230 -0.8810 -0.4173
vn 0.4513 0.2890 -0.8443
vn 0.1374 -0.9565 -0.2571
vn 0.4913 -0.6326 -0.5987
vn 0.4913 0.6326 -0.5987
vn 0.4036 -0.7715 -0.4918
vn 0.5601 0.4696 -0.6825
vn 0.3002 -0.8810 -0.3658
vn 0.6073 0.2890 -0.7400
vn 0.1850 -0.9565 -0.2254
vn 0.6314 0.0975 -0.7693
vn 0.0625 0.9951 -0.0761
vn 0.0625 -0.9951 -0.0761
vn 0.6314 -0.0975 -0.7693
vn 0.1850 0.9565 -0.2254
vn 0.6073 -0.2890 -0.7400
vn 0.3002 0.8810 -0.3658
vn 0.5601 -0.4696 -0.6825
vn 0.4036 0.7715 -0.4918
vn 0.0761 0.9951 -0.0625
vn 0.0761 -0.9951 -0.0625
vn 0.7693 -0.0975 -0.6314
vn 0.2254 0.9565 -0.1850
vn 0.7400 -0.2890 -0.6073
vn 0.3658 0.8810 -0.3002
vn 0.6825 -0.4696 -0.5601
vn 0.4918 0.7715 -0.4036
vn 0.5987 -0.6326 -0.4913
vn 0.5987 0.6326 -0.4913
vn 0.4918 -0.7715 -0.4036
vn 0.6825 0.4696 -0.5601
vn 0.3658 -0.8810 -0.3002
vn 0.7400 0.2890 -0.6073
vn 0.2254 -0.9566 -0.1850
vn 0.7693 0.0975 -0.6314
vn 0.6831 0.6326 -0.3651
vn 0.5611 -0.7715 -0.2999
vn 0.7786 0.4696 -0.4162
vn 0.4173 -0.8810 -0.2230
vn 0.8443 0.2890 -0.4513
vn 0.2571 -0.9565 -0.1374
vn 0.8777 0.0975 -0.4691
vn 0.0869 0.9951 -0.0464
vn 0.0869 -0.9951 -0.0464
vn 0.8777 -0.0975 -0.4691
vn 0.2571 0.9565 -0.1374
vn 0.8443 -0.2890 -0.4513
vn 0.4173 0.8810 -0.2230
vn 0.7786 -0.4696 -0.4162
vn 0.5611 0.7715 -0.2999
vn 0.6831 -0.6326 -0.3651
vn 0.9524 -0.0975 -0.2889
vn 0.2790 0.9565 -0.0846
vn 0.9161 -0.2890 -0.2779
vn 0.4528 0.8810 -0.1374
vn 0.8448 -0.4696 -0.2563
vn 0.6088 0.7715 -0.1847
vn 0.7412 -0.6326 -0.2248
vn 0.7412 0.6326 -0.2248
vn 0.6088 -0.7715 -0.1847
vn 0.8448 0.4696 -0.2563
vn 0.4528 -0.8810 -0.1374
vn 0.9161 0.2890 -0.2779
vn 0.2790 -0.9565 -0.0846
vn 0.9524 0.0975 -0.2889
vn 0.0942 0.9951 -0.0286
vn 0.0942 -0.9951 -0.0286
vn 0.6332 -0.7715 -0.0624
vn 0.8786 0.4696 -0.0865
vn 0.4709 -0.8810 -0.0464
vn 0.9527 0.2890 -0.0938
vn 0.2902 -0.9565 -0.0286
vn 0.9904 0.0975 -0.0975
vn 0.0980 0.9951 -0.0097
vn 0.0980 -0.9951 -0.0097
vn 0.9904 -0.0975 -0.0975
vn 0.2902 0.9565 -0.0286
vn 0.9527 -0.2890 -0.0938
vn 0.4709 0.8810 -0.0464
vn 0.8786 -0.4696 -0.0865
vn 0.6332 0.7715 -0.0624
vn 0.7708 -0.6326 -0.0759
vn 0.7708 0.6326 -0.0759
vn 0.9527 -0.2890 0.0938
vn 0.4709 0.8810 0.0464
vn 0.8786 -0.4696 0.0865
vn 0.6332 0.7715 0.0624
vn 0.7708 -0.6326 0.0759
vn 0.7708 0.6326 0.0759
vn 0.6332 -0.7715 0.0624
vn 0.8786 0.4696 0.0865
vn 0.4709 -0.8810 0.0464
vn 0.9527 0.2890 0.0938
vn 0.2902 -0.9565 0.0286
vn 0.9904 0.0975 0.0976
vn 0.0980 0.9951 0.0097
vn 0.0980 -0.9951 0.0097
vn 0.9904 -0.0975 0.0976
vn 0.2902 0.9565 0.0286
vn 0.4528 -0.8810 0.1374
vn 0.9161 0.2890 0.2779
vn 0.2790 -0.9565 0.0846
vn 0.9524 0.0975 0.2889
vn 0.0942 0.9951 0.0286
vn 0.0942 -0.9951 0.0286
vn 0.9524 -0.0975 0.2889
vn 0.2790 0.9565 0.0846
vn 0.9161 -0.2890 0.2779
vn 0.4528 0.8810 0.1374
vn 0.8448 -0.4696 0.2563
vn 0.6088 0.7715 0.1847
vn 0.7412 -0.6326 0.2248
vn 0.7412 0.6326 0.2248
vn 0.6088 -0.7715 0.1847
vn 0.8448 0.4696 0.2563
vn 0.4173 0.8810 0.2231
vn 0.7786 -0.4696 0.4162
vn 0.5611 0.7715 0.2999
vn 0.6831 -0.6326 0.3651
vn 0.6831 0.6326 0.3651
vn 0.5611 -0.7715 0.2999
vn 0.7786 0.4696 0.4162
vn 0.4173 -0.8810 0.2230
vn 0.8443 0.2890 0.4513
vn 0.2571 -0.9566 0.1374
vn 0.8777 0.0975 0.4691
vn 0.0869 0.9951 0.0464
vn 0.0869 -0.9951 0.0464
vn 0.8777 -0.0975 0.4691
vn 0.2571 0.9565 0.1374
vn 0.8443 -0.2890 0.4513
vn 0.7400 0.2890 0.6073
vn 0.2254 -0.9565 0.1850
vn 0.7693 0.0975 0.6314
vn 0.0761 0.9951 0.0625
vn 0.0761 -0.9951 0.0625
vn 0.7693 -0.0975 0.6314
vn 0.2254 0.9565 0.1850
vn 0.7400 -0.2890 0.6073
vn 0.3658 0.8810 0.3002
vn 0.6825 -0.4696 0.5601
vn 0.4918 0.7715 0.4036
vn 0.5987 -0.6326 0.4913
vn 0.5987 0.6326 0.4913
vn 0.4918 -0.7715 0.4036
vn 0.6825 0.4696 0.5601
vn 0.3658 -0.8810 0.3002
vn 0.5601 -0.4696 0.6825
vn 0.4036 0.7715 0.4918
vn 0.4913 -0.6326 0.5987
vn 0.4913 0.6326 0.5987
vn 0.4036 -0.7715 0.4918
vn 0.5601 0.4696 0.6825
vn 0.3002 -0.8810 0.3658
vn 0.6073 0.2890 0.7400
vn 0.1850 -0.9565 0.2254
vn 0.6314 0.0975 0.7693
vn 0.0625 0.9951 0.0761
vn 0.0625 -0.9951 0.0761
vn 0.6314 -0.0975 0.7693
vn 0.1850 0.9565 0.2254
vn 0.6073 -0.2890 0.7400
vn 0.3002 0.8810 0.3658
vn 0.1374 -0.9565 0.2571
vn 0.4691 0.0975 0.8777
vn 0.0464 0.9951 0.0869
vn 0.0464 -0.9951 0.0869
vn 0.4691 -0.0975 0.8777
vn 0.1374 0.9565 0.2571
vn 0.4513 -0.2890 0.8443
vn 0.2230 0.8810 0.4173
vn 0.4162 -0.4696 0.7786
vn 0.2999 0.7715 0.5611
vn 0.3651 -0.6326 0.6831
vn 0.3651 0.6326 0.6831
vn 0.2999 -0.7715 0.5611
vn 0.4162 0.4696 0.7786
vn 0.2230 -0.8810 0.4173
vn 0.4513 0.2890 0.8443
vn 0.1847 0.7715 0.6088
vn 0.2248 -0.6326 0.7412
vn 0.2248 0.6326 0.7412
vn 0.1847 -0.7715 0.6088
vn 0.2563 0.4696 0.8448
vn 0.1374 -0.8810 0.4528
vn 0.2779 0.2890 0.9161
vn 0.0846 -0.9565 0.2790
vn 0.2889 0.0975 0.9524
vn 0.0286 0.9951 0.0942
vn 0.0286 -0.9951 0.0942
vn 0.2889 -0.0975 0.9524
vn 0.0846 0.9565 0.2790
vn 0.2779 -0.2890 0.9161
vn 0.1374 0.8810 0.4528
vn 0.2563 -0.4696 0.8448
vn 0.0975 0.0975 0.9904
vn 0.0097 0.9951 0.0980
vn 0.0097 -0.9951 0.0980
vn 0.0975 -0.0975 0.9904
vn 0.0286 0.9565 0.2902
vn 0.0938 -0.2890 0.9527
vn 0.0464 0.8810 0.4709
vn 0.0865 -0.4696 0.8786
vn 0.0624 0.7715 0.6332
vn 0.0759 -0.6326 0.7708
vn 0.0759 0.6326 0.7708
vn 0.0624 -0.7715 0.6332
vn 0.0865 0.4696 0.8786
vn 0.0464 -0.8810 0.4709
vn 0.0938 0.2890 0.9527
vn 0.0286 -0.9565 0.2902
vn -0.0759 -0.6326 0.7708
vn -0.0759 0.6326 0.7708
vn -0.0624 -0.7715 0.6332
vn -0.0865 0.4696 0.8786
vn -0.0464 -0.8810 0.4709
vn -0.0938 0.2890 0.9527
vn -0.0286 -0.9565 0.2902
vn -0.0976 0.0975 0.9904
vn -0.0097 0.9951 0.0980
vn -0.0097 -0.9951 0.0980
vn -0.0975 -0.0975 0.9904
vn -0.0286 0.9565 0.2902
vn -0.0938 -0.2890 0.9527
vn -0.0464 0.8810 0.4709
vn -0.0865 -0.4696 0.8786
vn -0.0624 0.7715 0.6332
vn -0.0286 -0.9951 0.0942
vn -0.2889 -0.0975 0.9524
vn -0.0846 0.9565 0.2790
vn -0.2779 -0.2890 0.9161
vn -0.1374 0.8810 0.4528
vn -0.2563 -0.4696 0.8448
vn -0.1847 0.7715 0.6088
vn -0.2248 -0.6326 0.7412
vn -0.2248 0.6326 0.7412
vn -0.1847 -0.7715 0.6088
vn -0.2563 0.4696 0.8448
vn -0.1374 -0.8810 0.4528
vn -0.2779 0.2890 0.9161
vn -0.0846 -0.9565 0.2790
vn -0.2889 0.0975 0.9524
vn -0.0286 0.9951 0.0942
vn -0.2999 -0.7715 0.5611
vn -0.4162 0.4696 0.7786
vn -0.2230 -0.8810 0.4173
vn -0.4513 0.2890 0.8443
vn -0.1374 -0.9565 0.2571
vn -0.4691 0.0975 0.8777
vn -0.0464 0.9951 0.0869
vn -0.0464 -0.9951 0.0869
vn -0.4691 -0.0975 0.8777
vn -0.1374 0.9565 0.2571
vn -0.4513 -0.2890 0.8443
vn -0.2230 0.8810 0.4173
vn -0.4162 -0.4696 0.7786
vn -0.2999 0.7715 0.5611
vn -0.3651 -0.6326 0.6831
vn -0.3651 0.6326 0.6831
vn -0.1850 0.9565 0.2254
vn -0.6073 -0.2890 0.7400
vn -0.3002 0.8810 0.3658
vn -0.5601 -0.4696 0.6825
vn -0.4036 0.7715 0.4918
vn -0.4913 -0.6326 0.5987
vn -0.4913 0.6326 0.5987
vn -0.4036 -0.7715 0.4918
vn -0.5601 0.4696 0.6825
vn -0.3002 -0.8810 0.3658
vn -0.6073 0.2890 0.7400
vn -0.1850 -0.9565 0.2254
vn -0.6314 0.0975 0.7693
vn -0.0625 0.9951 0.0761
vn -0.0625 -0.9951 0.0761
vn -0.6314 -0.0975 0.7693
vn -0.6825 0.4696 0.5601
vn -0.3658 -0.8810 0.3002
vn -0.7400 0.2890 0.6073
vn -0.2254 -0.9566 0.1850
vn -0.7693 0.0975 0.6314
vn -0.0761 0.9951 0.0625
vn -0.0761 -0.9951 0.0625
vn -0.7693 -0.0975 0.6314
vn -0.2254 0.9565 0.1850
vn -0.7400 -0.2890 0.6073
vn -0.3658 0.8810 0.3002
vn -0.6825 -0.4696 0.5601
vn -0.4918 0.7715 0.4036
vn -0.5987 -0.6326 0.4913
vn -0.5987 0.6326 0.4913
vn -0.4918 -0.7715 0.4036
vn -0.8443 -0.2890 0.4513
vn -0.4173 0.8810 0.2230
vn -0.7786 -0.4696 0.4162
vn -0.5611 0.7715 0.2999
vn -0.6831 -0.6326 0.3651
vn -0.6831 0.6326 0.3651
vn -0.5611 -0.7715 0.2999
vn -0.7786 0.4696 0.4162
vn -0.4173 -0.8810 0.2231
vn -0.8443 0.2890 0.4513
vn -0.2571 -0.9565 0.1374
vn -0.8777 0.0975 0.4691
vn -0.0869 0.9951 0.0464
vn -0.0869 -0.9951 0.0464
vn -0.8777 -0.0975 0.4691
vn -0.2571 0.9565 0.1374
vn -0.4528 -0.8810 0.1374
vn -0.9161 0.2890 0.2779
vn -0.2790 -0.9565 0.0846
vn -0.9524 0.0975 0.2889
vn -0.0942 0.9951 0.0286
vn -0.0942 -0.9951 0.0286
vn -0.9524 -0.0975 0.2889
vn -0.2790 0.9565 0.0846
vn -0.9161 -0.2890 0.2779
vn -0.4528 0.8810 0.1374
vn -0.8448 -0.4696 0.2563
vn -0.6088 0.7715 0.1847
vn -0.7412 -0.6326 0.2248
vn -0.7412 0.6326 0.2248
vn -0.6088 -0.7715 0.1847
vn -0.8448 0.4696 0.2563
vn -0.4709 0.8810 0.0464
vn -0.8786 -0.4696 0.0865
vn -0.6332 0.7715 0.0624
vn -0.7708 -0.6326 0.0759
vn -0.7708 0.6326 0.0759
vn -0.6332 -0.7715 0.0624
vn -0.8786 0.4696 0.0865
vn -0.4709 -0.8810 0.0464
vn -0.9527 0.2890 0.0938
vn -0.2902 -0.9565 0.0286
vn -0.9904 0.0975 0.0975
vn -0.0980 0.9951 0.0097
vn -0.0980 -0.9951 0.0097
vn -0.9904 -0.0975 0.0976
vn -0.2902 0.9565 0.0286
vn -0.9527 -0.2890 0.0938
vn -0.9527 0.2890 -0.0938
vn -0.2902 -0.9565 -0.0286
vn -0.9904 0.0975 -0.0975
vn -0.0980 0.9951 -0.0097
vn -0.0980 -0.9951 -0.0097
vn -0.9904 -0.0975 -0.0976
vn -0.2902 0.9565 -0.0286
vn -0.9527 -0.2890 -0.0938
vn -0.4709 0.8810 -0.0464
vn -0.8786 -0.4696 -0.0865
vn -0.6332 0.7715 -0.0624
vn -0.7708 -0.6326 -0.0759
vn -0.7708 0.6326 -0.0759
vn -0.6332 -0.7715 -0.0624
vn -0.8786 0.4696 -0.0865
vn -0.4709 -0.8810 -0.0464
vn -0.8448 -0.4696 -0.2563
vn -0.6088 0.7715 -0.1847
vn -0.7412 -0.6326 -0.2248
vn -0.7412 0.6326 -0.2248
vn -0.6088 -0.7715 -0.1847
vn -0.8448 0.4696 -0.2563
vn -0.4528 -0.8810 -0.1374
vn -0.9161 0.2890 -0.2779
vn -0.2790 -0.9565 -0.0846
vn -0.9524 0.0975 -0.2889
vn -0.0942 0.9951 -0.0286
vn -0.0942 -0.9951 -0.0286
vn -0.9524 -0.0975 -0.2889
vn -0.2790 0.9565 -0.0846
vn -0.9161 -0.2890 -0.2779
vn -0.4528 0.8810 -0.1374
vn -0.2571 -0.9565 -0.1374
vn -0.8777 0.0975 -0.4691
vn -0.0869 0.9951 -0.0464
vn -0.0869 -0.9951 -0.0464
vn -0.8777 -0.0975 -0.4691
vn -0.2571 0.9565 -0.1374
vn -0.8443 -0.2890 -0.4513
vn -0.4173 0.8810 -0.2231
vn -0.7786 -0.4696 -0.4162
vn -0.5611 0.7715 -0.2999
vn -0.6831 -0.6326 -0.3651
vn -0.6831 0.6326 -0.3651
vn -0.5611 -0.7715 -0.2999
vn -0.7786 0.4696 -0.4162
vn -0.4173 -0.8810 -0.2231
vn -0.8443 0.2890 -0.4513
vn -0.5987 -0.6326 -0.4913
vn -0.5987 0.6326 -0.4913
vn -0.4918 -0.7715 -0.4036
vn -0.6825 0.4696 -0.5601
vn -0.3658 -0.8810 -0.3002
vn -0.7400 0.2890 -0.6073
vn -0.2254 -0.9565 -0.1850
vn -0.7693 0.0975 -0.6314
vn -0.0761 0.9951 -0.0625
vn -0.0761 -0.9951 -0.0625
vn -0.7693 -0.0975 -0.6314
vn -0.2254 0.9565 -0.1850
vn -0.7400 -0.2890 -0.6073
vn -0.3658 0.8810 -0.3002
vn -0.6825 -0.4696 -0.5601
vn -0.4918 0.7715 -0.4036
vn -0.0625 0.9951 -0.0761
vn -0.0625 -0.9951 -0.0761
vn -0.6314 -0.0975 -0.7693
vn -0.1850 0.9565 -0.2254
vn -0.6073 -0.2890 -0.7400
vn -0.3002 0.8810 -0.3658
vn -0.5601 -0.4696 -0.6825
vn -0.4036 0.7715 -0.4918
vn -0.4913 -0.6326 -0.5987
vn -0.4913 0.6326 -0.5987
vn -0.4036 -0.7715 -0.4918
vn -0.5601 0.4696 -0.6825
vn -0.3002 -0.8810 -0.3658
vn -0.6073 0.2890 -0.7400
vn -0.1850 -0.9565 -0.2254
vn -0.6314 0.0975 -0.7693
vn -0.3651 0.6326 -0.6831
vn -0.2999 -0.7715 -0.5611
vn -0.4162 0.4696 -0.7786
vn -0.2230 -0.8810 -0.4173
vn -0.4513 0.2890 -0.8443
vn -0.1374 -0.9565 -0.2571
vn -0.4691 0.0975 -0.8777
vn -0.0464 0.9951 -0.0869
vn -0.0464 -0.9951 -0.0869
vn -0.4691 -0.0975 -0.8777
vn -0.1374 0.9565 -0.2571
vn -0.4513 -0.2890 -0.8443
vn -0.2230 0.8810 -0.4173
vn -0.4162 -0.4696 -0.7786
vn -0.2999 0.7715 -0.5611
vn -0.3651 -0.6326 -0.6831
vn -0.2889 -0.0975 -0.9524
vn -0.0846 0.9565 -0.2790
vn -0.2779 -0.2890 -0.9161
vn -0.1374 0.8810 -0.4528
vn -0.2563 -0.4696 -0.8448
vn -0.1847 0.7715 -0.6088
vn -0.2248 -0.6326 -0.7412
vn -0.2248 0.6326 -0.7412
vn -0.1847 -0.7715 -0.6088
vn -0.2563 0.4696 -0.8448
vn -0.1374 -0.8810 -0.4528
vn -0.2779 0.2890 -0.9161
vn -0.0846 -0.9565 -0.2790
vn -0.2889 0.0975 -0.9524
vn -0.0286 0.9951 -0.0942
vn -0.0286 -0.9951 -0.0942
vn -0.0624 -0.7715 -0.6332
vn -0.0865 0.4696 -0.8786
vn -0.0464 -0.8810 -0.4709
vn -0.0938 0.2890 -0.9527
vn -0.0286 -0.9565 -0.2902
vn -0.0976 0.0975 -0.9904
vn -0.0097 0.9951 -0.0980
vn -0.0097 -0.9951 -0.0980
vn -0.0976 -0.0975 -0.9904
vn -0.0286 0.9565 -0.2902
vn -0.0938 -0.2890 -0.9527
vn -0.0464 0.8810 -0.4709
vn -0.0865 -0.4696 -0.8786
vn -0.0624 0.7715 -0.6332
vn -0.0759 -0.6326 -0.7708
vn -0.0759 0.6326 -0.7708
vn 0.0975 0.0976 -0.9904
vn 0.0975 -0.0975 -0.9904
vn 0.2230 0.8810 -0.4173
vn 0.2231 -0.8810 -0.4173
vn 0.2254 -0.9565 -0.1850
vn 0.4173 0.8810 0.2230
vn 0.4173 -0.8810 0.2231
vn 0.2571 -0.9565 0.1374
vn -0.0975 0.0975 0.9904
vn -0.0976 -0.0975 0.9904
vn -0.2231 -0.8810 0.4173
vn -0.2231 0.8810 0.4173
vn -0.2254 -0.9565 0.1850
vn -0.4173 -0.8810 0.2230
vn -0.9904 0.0975 0.0976
vn -0.9904 -0.0975 0.0975
vn -0.9904 0.0975 -0.0976
vn -0.9904 -0.0975 -0.0975
vt 0.750000 0.750000
vt 0.718750 0.687500
vt 0.750000 0.687500
vt 0.750000 0.250000
vt 0.718750 0.187500
vt 0.750000 0.187500
vt 0.750000 0.625000
vt 0.718750 0.625000
vt 0.718750 0.125000
vt 0.750000 0.125000
vt 0.750000 0.562500
vt 0.718750 0.562500
vt 0.718750 0.062500
vt 0.750000 0.062500
vt 0.718750 0.500000
vt 0.750000 0.500000
vt 0.750000 0.937500
vt 0.734375 1.000000
vt 0.718750 0.937500
vt 0.734375 0.000000
vt 0.718750 0.437500
vt 0.750000 0.437500
vt 0.750000 0.875000
vt 0.718750 0.875000
vt 0.718750 0.375000
vt 0.750000 0.375000
vt 0.750000 0.812500
vt 0.718750 0.812500
vt 0.718750 0.312500
vt 0.750000 0.312500
vt 0.718750 0.750000
vt 0.718750 0.250000
vt 0.687500 0.750000
vt 0.687500 0.312500
vt 0.687500 0.250000
vt 0.687500 0.687500
vt 0.687500 0.187500
vt 0.687500 0.625000
vt 0.687500 0.125000
vt 0.687500 0.562500
vt 0.687500 0.062500
vt 0.687500 0.500000
vt 0.703125 1.000000
vt 0.687500 0.937500
vt 0.703125 0.000000
vt 0.687500 0.437500
vt 0.687500 0.875000
vt 0.687500 0.375000
vt 0.687500 0.812500
vt 0.656250 0.562500
vt 0.656250 0.500000
vt 0.671875 1.000000
vt 0.656250 0.937500
vt 0.671875 0.000000
vt 0.656250 0.062500
vt 0.656250 0.437500
vt 0.656250 0.875000
vt 0.656250 0.375000
vt 0.656250 0.812500
vt 0.656250 0.312500
vt 0.656250 0.750000
vt 0.656250 0.250000
vt 0.656250 0.687500
vt 0.656250 0.187500
vt 0.656250 0.625000
vt 0.656250 0.125000
vt 0.625000 0.250000
vt 0.625000 0.750000
vt 0.625000 0.687500
vt 0.625000 0.187500
vt 0.625000 0.625000
vt 0.625000 0.125000
vt 0.625000 0.562500
vt 0.625000 0.062500
vt 0.625000 0.500000
vt 0.640625 1.000000
vt 0.625000 0.937500
vt 0.640625 0.000000
vt 0.625000 0.437500
vt 0.625000 0.875000
vt 0.625000 0.375000
vt 0.625000 0.812500
vt 0.625000 0.312500
vt 0.609375 1.000000
vt 0.593750 0.937500
vt 0.609375 0.000000
vt 0.593750 0.062500
vt 0.593750 0.437500
vt 0.593750 0.875000
vt 0.593750 0.375000
vt 0.593750 0.812500
vt 0.593750 0.312500
vt 0.593750 0.750000
vt 0.593750 0.250000
vt 0.593750 0.687500
vt 0.593750 0.187500
vt 0.593750 0.625000
vt 0.593750 0.125000
vt 0.593750 0.562500
vt 0.593750 0.500000
vt 0.562500 0.750000
vt 0.562500 0.687500
vt 0.562500 0.250000
vt 0.562500 0.187500
vt 0.562500 0.625000
vt 0.562500 0.125000
vt 0.562500 0.562500
vt 0.562500 0.062500
vt 0.562500 0.500000
vt 0.578125 1.000000
vt 0.562500 0.937500
vt 0.578125 0.000000
vt 0.562500 0.437500
vt 0.562500 0.875000
vt 0.562500 0.375000
vt 0.562500 0.812500
vt 0.562500 0.312500
vt 0.531250 0.437500
vt 0.531250 0.875000
vt 0.531250 0.375000
vt 0.531250 0.812500
vt 0.531250 0.312500
vt 0.531250 0.750000
vt 0.531250 0.250000
vt 0.531250 0.687500
vt 0.531250 0.187500
vt 0.531250 0.625000
vt 0.531250 0.125000
vt 0.531250 0.562500
vt 0.531250 0.062500
vt 0.531250 0.500000
vt 0.546875 1.000000
vt 0.531250 0.937500
vt 0.546875 0.000000
vt 0.500000 0.250000
vt 0.500000 0.187500
vt 0.500000 0.625000
vt 0.500000 0.125000
vt 0.500000 0.562500
vt 0.500000 0.062500
vt 0.500000 0.500000
vt 0.515625 1.000000
vt 0.500000 0.937500
vt 0.515625 0.000000
vt 0.500000 0.437500
vt 0.500000 0.875000
vt 0.500000 0.375000
vt 0.500000 0.812500
vt 0.500000 0.312500
vt 0.500000 0.750000
vt 0.500000 0.687500
vt 0.468750 0.375000
vt 0.468750 0.875000
vt 0.468750 0.812500
vt 0.468750 0.312500
vt 0.468750 0.750000
vt 0.468750 0.250000
vt 0.468750 0.687500
vt 0.468750 0.187500
vt 0.468750 0.625000
vt 0.468750 0.125000
vt 0.468750 0.562500
vt 0.468750 0.062500
vt 0.468750 0.500000
vt 0.484375 1.000000
vt 0.468750 0.937500
vt 0.484375 0.000000
vt 0.468750 0.437500
vt 0.437500 0.187500
vt 0.437500 0.125000
vt 0.437500 0.625000
vt 0.437500 0.562500
vt 0.437500 0.062500
vt 0.437500 0.500000
vt 0.453125 1.000000
vt 0.437500 0.937500
vt 0.453125 0.000000
vt 0.437500 0.437500
vt 0.437500 0.875000
vt 0.437500 0.375000
vt 0.437500 0.812500
vt 0.437500 0.312500
vt 0.437500 0.750000
vt 0.437500 0.250000
vt 0.437500 0.687500
vt 0.406250 0.812500
vt 0.406250 0.375000
vt 0.406250 0.312500
vt 0.406250 0.750000
vt 0.406250 0.250000
vt 0.406250 0.687500
vt 0.406250 0.187500
vt 0.406250 0.625000
vt 0.406250 0.125000
vt 0.406250 0.562500
vt 0.406250 0.062500
vt 0.406250 0.500000
vt 0.421875 1.000000
vt 0.406250 0.937500
vt 0.421875 0.000000
vt 0.406250 0.437500
vt 0.406250 0.875000
vt 0.375000 0.625000
vt 0.375000 0.562500
vt 0.375000 0.125000
vt 0.375000 0.062500
vt 0.375000 0.500000
vt 0.390625 1.000000
vt 0.375000 0.937500
vt 0.390625 0.000000
vt 0.375000 0.437500
vt 0.375000 0.875000
vt 0.375000 0.375000
vt 0.375000 0.812500
vt 0.375000 0.312500
vt 0.375000 0.750000
vt 0.375000 0.250000
vt 0.375000 0.687500
vt 0.375000 0.187500
vt 0.343750 0.375000
vt 0.343750 0.312500
vt 0.343750 0.750000
vt 0.343750 0.250000
vt 0.343750 0.687500
vt 0.343750 0.187500
vt 0.343750 0.625000
vt 0.343750 0.125000
vt 0.343750 0.562500
vt 0.343750 0.062500
vt 0.343750 0.500000
vt 0.359375 1.000000
vt 0.343750 0.937500
vt 0.359375 0.000000
vt 0.343750 0.437500
vt 0.343750 0.875000
vt 0.343750 0.812500
vt 0.312500 0.125000
vt 0.312500 0.062500
vt 0.312500 0.562500
vt 0.312500 0.500000
vt 0.328125 1.000000
vt 0.312500 0.937500
vt 0.328125 0.000000
vt 0.312500 0.437500
vt 0.312500 0.875000
vt 0.312500 0.375000
vt 0.312500 0.812500
vt 0.312500 0.312500
vt 0.312500 0.750000
vt 0.312500 0.250000
vt 0.312500 0.687500
vt 0.312500 0.187500
vt 0.312500 0.625000
vt 0.281250 0.750000
vt 0.281250 0.250000
vt 0.281250 0.687500
vt 0.281250 0.187500
vt 0.281250 0.625000
vt 0.281250 0.125000
vt 0.281250 0.562500
vt 0.281250 0.062500
vt 0.281250 0.500000
vt 0.296875 1.000000
vt 0.281250 0.937500
vt 0.296875 0.000000
vt 0.281250 0.437500
vt 0.281250 0.875000
vt 0.281250 0.375000
vt 0.281250 0.812500
vt 0.281250 0.312500
vt 0.250000 0.562500
vt 0.250000 0.500000
vt 0.265625 1.000000
vt 0.250000 0.937500
vt 0.265625 0.000000
vt 0.250000 0.062500
vt 0.250000 0.437500
vt 0.250000 0.875000
vt 0.250000 0.375000
vt 0.250000 0.812500
vt 0.250000 0.312500
vt 0.250000 0.750000
vt 0.250000 0.250000
vt 0.250000 0.687500
vt 0.250000 0.187500
vt 0.250000 0.625000
vt 0.250000 0.125000
vt 0.218750 0.250000
vt 0.218750 0.750000
vt 0.218750 0.687500
vt 0.218750 0.187500
vt 0.218750 0.625000
vt 0.218750 0.125000
vt 0.218750 0.562500
vt 0.218750 0.062500
vt 0.218750 0.500000
vt 0.234375 1.000000
vt 0.218750 0.937500
vt 0.234375 0.000000
vt 0.218750 0.437500
vt 0.218750 0.875000
vt 0.218750 0.375000
vt 0.218750 0.812500
vt 0.218750 0.312500
vt 0.203125 0.000000
vt 0.187500 0.062500
vt 0.187500 0.437500
vt 0.187500 0.937500
vt 0.187500 0.875000
vt 0.187500 0.375000
vt 0.187500 0.812500
vt 0.187500 0.312500
vt 0.187500 0.750000
vt 0.187500 0.250000
vt 0.187500 0.687500
vt 0.187500 0.187500
vt 0.187500 0.625000
vt 0.187500 0.125000
vt 0.187500 0.562500
vt 0.187500 0.500000
vt 0.203125 1.000000
vt 0.156250 0.250000
vt 0.156250 0.187500
vt 0.156250 0.625000
vt 0.156250 0.125000
vt 0.156250 0.562500
vt 0.156250 0.062500
vt 0.156250 0.500000
vt 0.171875 1.000000
vt 0.156250 0.937500
vt 0.171875 0.000000
vt 0.156250 0.437500
vt 0.156250 0.875000
vt 0.156250 0.375000
vt 0.156250 0.812500
vt 0.156250 0.312500
vt 0.156250 0.750000
vt 0.156250 0.687500
vt 0.125000 0.875000
vt 0.125000 0.375000
vt 0.125000 0.812500
vt 0.125000 0.312500
vt 0.125000 0.750000
vt 0.125000 0.250000
vt 0.125000 0.687500
vt 0.125000 0.187500
vt 0.125000 0.625000
vt 0.125000 0.125000
vt 0.125000 0.562500
vt 0.125000 0.062500
vt 0.125000 0.500000
vt 0.140625 1.000000
vt 0.125000 0.937500
vt 0.140625 0.000000
vt 0.125000 0.437500
vt 0.093750 0.625000
vt 0.093750 0.125000
vt 0.093750 0.562500
vt 0.093750 0.062500
vt 0.093750 0.500000
vt 0.109375 1.000000
vt 0.093750 0.937500
vt 0.109375 0.000000
vt 0.093750 0.437500
vt 0.093750 0.875000
vt 0.093750 0.375000
vt 0.093750 0.812500
vt 0.093750 0.312500
vt 0.093750 0.750000
vt 0.093750 0.250000
vt 0.093750 0.687500
vt 0.093750 0.187500
vt 0.062500 0.375000
vt 0.062500 0.812500
vt 0.062500 0.312500
vt 0.062500 0.750000
vt 0.062500 0.250000
vt 0.062500 0.687500
vt 0.062500 0.187500
vt 0.062500 0.625000
vt 0.062500 0.125000
vt 0.062500 0.562500
vt 0.062500 0.062500
vt 0.062500 0.500000
vt 0.078125 1.000000
vt 0.062500 0.937500
vt 0.078125 0.000000
vt 0.062500 0.437500
vt 0.062500 0.875000
vt 0.031250 0.125000
vt 0.031250 0.625000
vt 0.031250 0.562500
vt 0.031250 0.062500
vt 0.031250 0.500000
vt 0.046875 1.000000
vt 0.031250 0.937500
vt 0.046875 0.000000
vt 0.031250 0.437500
vt 0.031250 0.875000
vt 0.031250 0.375000
vt 0.031250 0.812500
vt 0.031250 0.312500
vt 0.031250 0.750000
vt 0.031250 0.250000
vt 0.031250 0.687500
vt 0.031250 0.187500
vt 0.000000 0.875000
vt 0.000000 0.812500
vt 0.000000 0.375000
vt 0.000000 0.312500
vt 0.000000 0.750000
vt 0.000000 0.250000
vt 0.000000 0.687500
vt 0.000000 0.187500
vt 0.000000 0.625000
vt 0.000000 0.125000
vt 0.000000 0.562500
vt 0.000000 0.062500
vt 0.000000 0.500000
vt 0.015625 1.000000
vt 0.000000 0.937500
vt 0.015625 0.000000
vt 0.000000 0.437500
vt 1.000000 0.562500
vt 0.968750 0.625000
vt 0.968750 0.562500
vt 1.000000 0.125000
vt 0.968750 0.062500
vt 1.000000 0.062500
vt 1.000000 0.500000
vt 0.968750 0.500000
vt 1.000000 0.937500
vt 0.984375 1.000000
vt 0.968750 0.937500
vt 0.984375 0.000000
vt 0.968750 0.437500
vt 1.000000 0.437500
vt 1.000000 0.875000
vt 0.968750 0.875000
vt 0.968750 0.375000
vt 1.000000 0.375000
vt 1.000000 0.812500
vt 0.968750 0.812500
vt 1.000000 0.312500
vt 0.968750 0.312500
vt 0.968750 0.750000
vt 1.000000 0.750000
vt 0.968750 0.250000
vt 1.000000 0.250000
vt 1.000000 0.687500
vt 0.968750 0.687500
vt 1.000000 0.187500
vt 0.968750 0.187500
vt 1.000000 0.625000
vt 0.968750 0.125000
vt 0.937500 0.375000
vt 0.937500 0.312500
vt 0.937500 0.750000
vt 0.937500 0.250000
vt 0.937500 0.687500
vt 0.937500 0.187500
vt 0.937500 0.625000
vt 0.937500 0.125000
vt 0.937500 0.562500
vt 0.937500 0.062500
vt 0.937500 0.500000
vt 0.953125 1.000000
vt 0.937500 0.937500
vt 0.953125 0.000000
vt 0.937500 0.437500
vt 0.937500 0.875000
vt 0.937500 0.812500
vt 0.906250 0.125000
vt 0.906250 0.062500
vt 0.906250 0.562500
vt 0.906250 0.500000
vt 0.921875 1.000000
vt 0.906250 0.937500
vt 0.921875 0.000000
vt 0.906250 0.437500
vt 0.906250 0.875000
vt 0.906250 0.375000
vt 0.906250 0.812500
vt 0.906250 0.312500
vt 0.906250 0.750000
vt 0.906250 0.250000
vt 0.906250 0.687500
vt 0.906250 0.187500
vt 0.906250 0.625000
vt 0.875000 0.250000
vt 0.875000 0.750000
vt 0.875000 0.687500
vt 0.875000 0.187500
vt 0.875000 0.625000
vt 0.875000 0.125000
vt 0.875000 0.562500
vt 0.875000 0.062500
vt 0.875000 0.500000
vt 0.890625 1.000000
vt 0.875000 0.937500
vt 0.890625 0.000000
vt 0.875000 0.437500
vt 0.875000 0.875000
vt 0.875000 0.375000
vt 0.875000 0.812500
vt 0.875000 0.312500
vt 0.859375 1.000000
vt 0.843750 0.937500
vt 0.859375 0.000000
vt 0.843750 0.062500
vt 0.843750 0.437500
vt 0.843750 0.875000
vt 0.843750 0.375000
vt 0.843750 0.812500
vt 0.843750 0.312500
vt 0.843750 0.750000
vt 0.843750 0.250000
vt 0.843750 0.687500
vt 0.843750 0.187500
vt 0.843750 0.625000
vt 0.843750 0.125000
vt 0.843750 0.562500
vt 0.843750 0.500000
vt 0.812500 0.750000
vt 0.812500 0.687500
vt 0.812500 0.250000
vt 0.812500 0.187500
vt 0.812500 0.625000
vt 0.812500 0.125000
vt 0.812500 0.562500
vt 0.812500 0.062500
vt 0.812500 0.500000
vt 0.828125 1.000000
vt 0.812500 0.937500
vt 0.828125 0.000000
vt 0.812500 0.437500
vt 0.812500 0.875000
vt 0.812500 0.375000
vt 0.812500 0.812500
vt 0.812500 0.312500
vt 0.781250 0.437500
vt 0.781250 0.875000
vt 0.781250 0.375000
vt 0.781250 0.812500
vt 0.781250 0.312500
vt 0.781250 0.750000
vt 0.781250 0.250000
vt 0.781250 0.687500
vt 0.781250 0.187500
vt 0.781250 0.625000
vt 0.781250 0.125000
vt 0.781250 0.562500
vt 0.781250 0.062500
vt 0.781250 0.500000
vt 0.796875 1.000000
vt 0.781250 0.937500
vt 0.796875 0.000000
vt 0.765625 1.000000
vt 0.765625 0.000000
s 0
usemtl CoreMaterial
f 476/1/1 11/2/1 2/3/1
f 479/4/2 19/5/2 480/6/2
f 477/7/3 11/2/3 12/8/3
f 480/6/4 20/9/4 481/10/4
f 3/11/5 12/8/5 13/12/5
f 481/10/6 21/13/6 482/14/6
f 3/11/7 14/15/7 4/16/7
f 474/17/8 82/18/8 7/19/8
f 308/20/9 482/14/9 21/13/9
f 4/16/10 15/21/10 5/22/10
f 475/23/11 7/19/11 8/24/11
f 5/22/12 16/25/12 478/26/12
f 1/27/13 8/24/13 9/28/13
f 478/26/14 17/29/14 6/30/14
f 476/1/15 9/28/15 10/31/15
f 479/4/16 17/29/16 18/32/16
f 9/28/17 25/33/17 10/31/17
f 18/32/18 32/34/18 33/35/18
f 10/31/19 26/36/19 11/2/19
f 19/5/20 33/35/20 34/37/20
f 11/2/21 27/38/21 12/8/21
f 20/9/22 34/37/22 35/39/22
f 13/12/23 27/38/23 28/40/23
f 20/9/24 36/41/24 21/13/24
f 13/12/25 29/42/25 14/15/25
f 7/19/26 82/43/26 22/44/26
f 308/45/27 21/13/27 36/41/27
f 14/15/28 30/46/28 15/21/28
f 7/19/29 23/47/29 8/24/29
f 15/21/30 31/48/30 16/25/30
f 8/24/31 24/49/31 9/28/31
f 17/29/32 31/48/32 32/34/32
f 29/42/33 43/50/33 44/51/33
f 22/44/34 82/52/34 37/53/34
f 308/54/35 36/41/35 51/55/35
f 29/42/36 45/56/36 30/46/36
f 22/44/37 38/57/37 23/47/37
f 30/46/38 46/58/38 31/48/38
f 23/47/39 39/59/39 24/49/39
f 32/34/40 46/58/40 47/60/40
f 24/49/41 40/61/41 25/33/41
f 33/35/42 47/60/42 48/62/42
f 25/33/43 41/63/43 26/36/43
f 34/37/44 48/62/44 49/64/44
f 26/36/45 42/65/45 27/38/45
f 35/39/46 49/64/46 50/66/46
f 28/40/47 42/65/47 43/50/47
f 36/41/48 50/66/48 51/55/48
f 47/60/49 63/67/49 48/62/49
f 41/63/50 55/68/50 56/69/50
f 49/64/51 63/67/51 64/70/51
f 41/63/52 57/71/52 42/65/52
f 50/66/53 64/70/53 65/72/53
f 43/50/54 57/71/54 58/73/54
f 51/55/55 65/72/55 66/74/55
f 44/51/56 58/73/56 59/75/56
f 37/53/57 82/76/57 52/77/57
f 308/78/58 51/55/58 66/74/58
f 44/51/59 60/79/59 45/56/59
f 37/53/60 53/80/60 38/57/60
f 45/56/61 61/81/61 46/58/61
f 38/57/62 54/82/62 39/59/62
f 47/60/63 61/81/63 62/83/63
f 39/59/64 55/68/64 40/61/64
f 52/77/65 82/84/65 67/85/65
f 308/86/66 66/74/66 81/87/66
f 59/75/67 75/88/67 60/79/67
f 53/80/68 67/85/68 68/89/68
f 60/79/69 76/90/69 61/81/69
f 54/82/70 68/89/70 69/91/70
f 62/83/71 76/90/71 77/92/71
f 54/82/72 70/93/72 55/68/72
f 62/83/73 78/94/73 63/67/73
f 56/69/74 70/93/74 71/95/74
f 64/70/75 78/94/75 79/96/75
f 56/69/76 72/97/76 57/71/76
f 64/70/77 80/98/77 65/72/77
f 58/73/78 72/97/78 73/99/78
f 65/72/79 81/87/79 66/74/79
f 59/75/80 73/99/80 74/100/80
f 71/95/81 86/101/81 87/102/81
f 79/96/82 94/103/82 95/104/82
f 71/95/83 88/105/83 72/97/83
f 80/98/84 95/104/84 96/106/84
f 73/99/85 88/105/85 89/107/85
f 81/87/86 96/106/86 97/108/86
f 74/100/87 89/107/87 90/109/87
f 67/85/88 82/110/88 83/111/88
f 308/112/89 81/87/89 97/108/89
f 74/100/90 91/113/90 75/88/90
f 67/85/91 84/114/91 68/89/91
f 75/88/92 92/115/92 76/90/92
f 68/89/93 85/116/93 69/91/93
f 77/92/94 92/115/94 93/117/94
f 69/91/95 86/101/95 70/93/95
f 77/92/96 94/103/96 78/94/96
f 90/109/97 106/118/97 91/113/97
f 83/111/98 99/119/98 84/114/98
f 91/113/99 107/120/99 92/115/99
f 85/116/100 99/119/100 100/121/100
f 93/117/101 107/120/101 108/122/101
f 85/116/102 101/123/102 86/101/102
f 93/117/103 109/124/103 94/103/103
f 87/102/104 101/123/104 102/125/104
f 95/104/105 109/124/105 110/126/105
f 87/102/106 103/127/106 88/105/106
f 95/104/107 111/128/107 96/106/107
f 89/107/108 103/127/108 104/129/108
f 96/106/109 112/130/109 97/108/109
f 90/109/110 104/129/110 105/131/110
f 83/111/111 82/132/111 98/133/111
f 308/134/112 97/108/112 112/130/112
f 110/126/113 124/135/113 125/136/113
f 102/125/114 118/137/114 103/127/114
f 111/128/115 125/136/115 126/138/115
f 104/129/116 118/137/116 119/139/116
f 111/128/117 127/140/117 112/130/117
f 105/131/118 119/139/118 120/141/118
f 98/133/119 82/142/119 113/143/119
f 308/144/120 112/130/120 127/140/120
f 105/131/121 121/145/121 106/118/121
f 98/133/122 114/146/122 99/119/122
f 106/118/123 122/147/123 107/120/123
f 99/119/124 115/148/124 100/121/124
f 108/122/125 122/147/125 123/149/125
f 100/121/126 116/150/126 101/123/126
f 108/122/127 124/135/127 109/124/127
f 102/125/128 116/150/128 117/151/128
f 121/145/129 137/152/129 122/147/129
f 115/148/130 129/153/130 130/154/130
f 123/149/131 137/152/131 138/155/131
f 115/148/132 131/156/132 116/150/132
f 123/149/133 139/157/133 124/135/133
f 117/151/134 131/156/134 132/158/134
f 125/136/135 139/157/135 140/159/135
f 117/151/136 133/160/136 118/137/136
f 125/136/137 141/161/137 126/138/137
f 119/139/138 133/160/138 134/162/138
f 126/138/139 142/163/139 127/140/139
f 120/141/140 134/162/140 135/164/140
f 113/143/141 82/165/141 128/166/141
f 308/167/142 127/140/142 142/163/142
f 120/141/143 136/168/143 121/145/143
f 114/146/144 128/166/144 129/153/144
f 141/161/145 155/169/145 156/170/145
f 134/162/146 148/171/146 149/172/146
f 141/161/147 157/173/147 142/163/147
f 135/164/148 149/172/148 150/174/148
f 128/166/149 82/175/149 143/176/149
f 308/177/150 142/163/150 157/173/150
f 135/164/151 151/178/151 136/168/151
f 128/166/152 144/179/152 129/153/152
f 136/168/153 152/180/153 137/152/153
f 129/153/154 145/181/154 130/154/154
f 138/155/155 152/180/155 153/182/155
f 130/154/156 146/183/156 131/156/156
f 138/155/157 154/184/157 139/157/157
f 132/158/158 146/183/158 147/185/158
f 140/159/159 154/184/159 155/169/159
f 132/158/160 148/171/160 133/160/160
f 144/179/161 160/186/161 145/181/161
f 153/182/162 167/187/162 168/188/162
f 145/181/163 161/189/163 146/183/163
f 153/182/164 169/190/164 154/184/164
f 147/185/165 161/189/165 162/191/165
f 155/169/166 169/190/166 170/192/166
f 147/185/167 163/193/167 148/171/167
f 156/170/168 170/192/168 171/194/168
f 149/172/169 163/193/169 164/195/169
f 157/173/170 171/194/170 172/196/170
f 150/174/171 164/195/171 165/197/171
f 143/176/172 82/198/172 158/199/172
f 308/200/173 157/173/173 172/196/173
f 150/174/174 166/201/174 151/178/174
f 143/176/175 159/202/175 144/179/175
f 151/178/176 167/187/176 152/180/176
f 164/195/177 178/203/177 179/204/177
f 172/196/178 186/205/178 187/206/178
f 165/197/179 179/204/179 180/207/179
f 158/199/180 82/208/180 173/209/180
f 308/210/181 172/196/181 187/206/181
f 165/197/182 181/211/182 166/201/182
f 158/199/183 174/212/183 159/202/183
f 166/201/184 182/213/184 167/187/184
f 159/202/185 175/214/185 160/186/185
f 168/188/186 182/213/186 183/215/186
f 160/186/187 176/216/187 161/189/187
f 168/188/188 184/217/188 169/190/188
f 162/191/189 176/216/189 177/218/189
f 170/192/190 184/217/190 185/219/190
f 162/191/191 178/203/191 163/193/191
f 171/194/192 185/219/192 186/205/192
f 183/215/193 197/220/193 198/221/193
f 175/214/194 191/222/194 176/216/194
f 183/215/195 199/223/195 184/217/195
f 177/218/196 191/222/196 192/224/196
f 185/219/197 199/223/197 200/225/197
f 177/218/198 193/226/198 178/203/198
f 185/219/199 201/227/199 186/205/199
f 179/204/200 193/226/200 194/228/200
f 186/205/201 202/229/201 187/206/201
f 180/207/202 194/228/202 195/230/202
f 173/209/203 82/231/203 188/232/203
f 308/233/204 187/206/204 202/229/204
f 180/207/205 196/234/205 181/211/205
f 174/212/206 188/232/206 189/235/206
f 181/211/207 197/220/207 182/213/207
f 175/214/208 189/235/208 190/236/208
f 202/229/209 216/237/209 217/238/209
f 195/230/210 209/239/210 210/240/210
f 188/232/211 82/241/211 203/242/211
f 308/243/212 202/229/212 217/238/212
f 195/230/213 211/244/213 196/234/213
f 188/232/214 204/245/214 189/235/214
f 196/234/215 212/246/215 197/220/215
f 189/235/216 205/247/216 190/236/216
f 198/221/217 212/246/217 213/248/217
f 190/236/218 206/249/218 191/222/218
f 198/221/219 214/250/219 199/223/219
f 192/224/220 206/249/220 207/251/220
f 200/225/221 214/250/221 215/252/221
f 192/224/222 208/253/222 193/226/222
f 201/227/223 215/252/223 216/237/223
f 194/228/224 208/253/224 209/239/224
f 205/247/225 221/254/225 206/249/225
f 213/248/226 229/255/226 214/250/226
f 207/251/227 221/254/227 222/256/227
f 215/252/228 229/255/228 230/257/228
f 207/251/229 223/258/229 208/253/229
f 216/237/230 230/257/230 231/259/230
f 209/239/231 223/258/231 224/260/231
f 217/238/232 231/259/232 232/261/232
f 210/240/233 224/260/233 225/262/233
f 203/242/234 82/263/234 218/264/234
f 308/265/235 217/238/235 232/261/235
f 210/240/236 226/266/236 211/244/236
f 203/242/237 219/267/237 204/245/237
f 211/244/238 227/268/238 212/246/238
f 204/245/239 220/269/239 205/247/239
f 213/248/240 227/268/240 228/270/240
f 225/262/241 239/271/241 240/272/241
f 218/264/242 82/273/242 233/274/242
f 308/275/243 232/261/243 247/276/243
f 225/262/244 241/277/244 226/266/244
f 219/267/245 233/274/245 234/278/245
f 226/266/246 242/279/246 227/268/246
f 219/267/247 235/280/247 220/269/247
f 228/270/248 242/279/248 243/281/248
f 220/269/249 236/282/249 221/254/249
f 228/270/250 244/283/250 229/255/250
f 222/256/251 236/282/251 237/284/251
f 230/257/252 244/283/252 245/285/252
f 222/256/253 238/286/253 223/258/253
f 231/259/254 245/285/254 246/287/254
f 224/260/255 238/286/255 239/271/255
f 231/259/256 247/276/256 232/261/256
f 243/281/257 259/288/257 244/283/257
f 237/284/258 251/289/258 252/290/258
f 245/285/259 259/288/259 260/291/259
f 237/284/260 253/292/260 238/286/260
f 245/285/261 261/293/261 246/287/261
f 239/271/262 253/292/262 254/294/262
f 246/287/263 262/295/263 247/276/263
f 240/272/264 254/294/264 255/296/264
f 233/274/265 82/297/265 248/298/265
f 308/299/266 247/276/266 262/295/266
f 240/272/267 256/300/267 241/277/267
f 234/278/268 248/298/268 249/301/268
f 241/277/269 257/302/269 242/279/269
f 235/280/270 249/301/270 250/303/270
f 243/281/271 257/302/271 258/304/271
f 235/280/272 251/289/272 236/282/272
f 308/305/273 262/295/273 277/306/273
f 255/296/274 271/307/274 256/300/274
f 249/301/275 263/308/275 264/309/275
f 256/300/276 272/310/276 257/302/276
f 249/301/277 265/311/277 250/303/277
f 258/304/278 272/310/278 273/312/278
f 250/303/279 266/313/279 251/289/279
f 258/304/280 274/314/280 259/288/280
f 252/290/281 266/313/281 267/315/281
f 260/291/282 274/314/282 275/316/282
f 252/290/283 268/317/283 253/292/283
f 261/293/284 275/316/284 276/318/284
f 254/294/285 268/317/285 269/319/285
f 261/293/286 277/306/286 262/295/286
f 255/296/287 269/319/287 270/320/287
f 248/298/288 82/321/288 263/308/288
f 275/316/289 289/322/289 290/323/289
f 267/315/290 283/324/290 268/317/290
f 275/316/291 291/325/291 276/318/291
f 269/319/292 283/324/292 284/326/292
f 276/318/293 292/327/293 277/306/293
f 270/320/294 284/326/294 285/328/294
f 263/308/295 82/329/295 278/330/295
f 308/331/296 277/306/296 292/327/296
f 270/320/297 286/332/297 271/307/297
f 263/308/298 279/333/298 264/309/298
f 271/307/299 287/334/299 272/310/299
f 264/309/300 280/335/300 265/311/300
f 273/312/301 287/334/301 288/336/301
f 265/311/302 281/337/302 266/313/302
f 273/312/303 289/322/303 274/314/303
f 267/315/304 281/337/304 282/338/304
f 278/330/305 294/339/305 279/333/305
f 286/332/306 302/340/306 287/334/306
f 280/335/307 294/339/307 295/341/307
f 288/336/308 302/340/308 303/342/308
f 280/335/309 296/343/309 281/337/309
f 288/336/310 304/344/310 289/322/310
f 282/338/311 296/343/311 297/345/311
f 290/323/312 304/344/312 305/346/312
f 282/338/313 298/347/313 283/324/313
f 290/323/314 306/348/314 291/325/314
f 284/326/315 298/347/315 299/349/315
f 292/327/316 306/348/316 307/350/316
f 285/328/317 299/349/317 300/351/317
f 278/330/318 82/352/318 293/353/318
f 308/354/319 292/327/319 307/350/319
f 285/328/320 301/355/320 286/332/320
f 297/345/321 314/356/321 298/347/321
f 305/346/322 322/357/322 306/348/322
f 299/349/323 314/356/323 315/358/323
f 306/348/324 323/359/324 307/350/324
f 300/351/325 315/358/325 316/360/325
f 293/353/326 82/361/326 309/362/326
f 308/363/327 307/350/327 323/359/327
f 300/351/328 317/364/328 301/355/328
f 294/339/329 309/362/329 310/365/329
f 301/355/330 318/366/330 302/340/330
f 295/341/331 310/365/331 311/367/331
f 303/342/332 318/366/332 319/368/332
f 295/341/333 312/369/333 296/343/333
f 303/342/334 320/370/334 304/344/334
f 297/345/335 312/369/335 313/371/335
f 305/346/336 320/370/336 321/372/336
f 317/364/337 333/373/337 318/366/337
f 310/365/338 326/374/338 311/367/338
f 319/368/339 333/373/339 334/375/339
f 311/367/340 327/376/340 312/369/340
f 319/368/341 335/377/341 320/370/341
f 313/371/342 327/376/342 328/378/342
f 321/372/343 335/377/343 336/379/343
f 313/371/344 329/380/344 314/356/344
f 321/372/345 337/381/345 322/357/345
f 315/358/346 329/380/346 330/382/346
f 323/359/347 337/381/347 338/383/347
f 316/360/348 330/382/348 331/384/348
f 309/362/349 82/385/349 324/386/349
f 308/387/350 323/359/350 338/383/350
f 316/360/351 332/388/351 317/364/351
f 309/362/352 325/389/352 310/365/352
f 336/379/353 352/390/353 337/381/353
f 330/382/354 344/391/354 345/392/354
f 338/383/355 352/390/355 353/393/355
f 331/384/356 345/392/356 346/394/356
f 324/386/357 82/395/357 339/396/357
f 308/397/358 338/383/358 353/393/358
f 331/384/359 347/398/359 332/388/359
f 324/386/360 340/399/360 325/389/360
f 332/388/361 348/400/361 333/373/361
f 326/374/362 340/399/362 341/401/362
f 334/375/363 348/400/363 349/402/363
f 326/374/364 342/403/364 327/376/364
f 334/375/365 350/404/365 335/377/365
f 328/378/366 342/403/366 343/405/366
f 336/379/367 350/404/367 351/406/367
f 328/378/368 344/391/368 329/380/368
f 341/401/369 355/407/369 356/408/369
f 349/402/370 363/409/370 364/410/370
f 341/401/371 357/411/371 342/403/371
f 349/402/372 365/412/372 350/404/372
f 343/405/373 357/411/373 358/413/373
f 351/406/374 365/412/374 366/414/374
f 343/405/375 359/415/375 344/391/375
f 351/406/376 367/416/376 352/390/376
f 345/392/377 359/415/377 360/417/377
f 353/393/378 367/416/378 368/418/378
f 346/394/379 360/417/379 361/419/379
f 339/396/380 82/420/380 354/421/380
f 308/422/381 353/393/381 368/418/381
f 346/394/382 362/423/382 347/398/382
f 339/396/383 355/407/383 340/399/383
f 347/398/384 363/409/384 348/400/384
f 360/424/385 374/425/385 375/426/385
f 367/427/386 383/428/386 368/429/386
f 361/430/387 375/426/387 376/431/387
f 354/432/388 82/433/388 369/434/388
f 308/435/389 368/429/389 383/428/389
f 361/430/390 377/436/390 362/437/390
f 355/438/391 369/434/391 370/439/391
f 362/437/392 378/440/392 363/441/392
f 356/442/393 370/439/393 371/443/393
f 364/444/394 378/440/394 379/445/394
f 356/442/395 372/446/395 357/447/395
f 364/444/396 380/448/396 365/449/396
f 358/450/397 372/446/397 373/451/397
f 366/452/398 380/448/398 381/453/398
f 358/450/399 374/425/399 359/454/399
f 366/452/400 382/455/400 367/427/400
f 379/445/401 393/456/401 394/457/401
f 371/443/402 387/458/402 372/446/402
f 379/445/403 395/459/403 380/448/403
f 373/451/404 387/458/404 388/460/404
f 381/453/405 395/459/405 396/461/405
f 373/451/406 389/462/406 374/425/406
f 381/453/407 397/463/407 382/455/407
f 375/426/408 389/462/408 390/464/408
f 382/455/409 398/465/409 383/428/409
f 376/431/410 390/464/410 391/466/410
f 369/434/411 82/467/411 384/468/411
f 308/469/412 383/428/412 398/465/412
f 376/431/413 392/470/413 377/436/413
f 370/439/414 384/468/414 385/471/414
f 377/436/415 393/456/415 378/440/415
f 371/443/416 385/471/416 386/472/416
f 398/465/417 412/473/417 413/474/417
f 391/466/418 405/475/418 406/476/418
f 384/468/419 82/477/419 399/478/419
f 308/479/420 398/465/420 413/474/420
f 391/466/421 407/480/421 392/470/421
f 384/468/422 400/481/422 385/471/422
f 392/470/423 408/482/423 393/456/423
f 386/472/424 400/481/424 401/483/424
f 394/457/425 408/482/425 409/484/425
f 386/472/426 402/485/426 387/458/426
f 394/457/427 410/486/427 395/459/427
f 388/460/428 402/485/428 403/487/428
f 396/461/429 410/486/429 411/488/429
f 388/460/430 404/489/430 389/462/430
f 396/461/431 412/473/431 397/463/431
f 390/464/432 404/489/432 405/475/432
f 409/484/433 425/490/433 410/486/433
f 403/487/434 417/491/434 418/492/434
f 411/488/435 425/490/435 426/493/435
f 403/487/436 419/494/436 404/489/436
f 411/488/437 427/495/437 412/473/437
f 405/475/438 419/494/438 420/496/438
f 412/473/439 428/497/439 413/474/439
f 406/476/440 420/496/440 421/498/440
f 399/478/441 82/499/441 414/500/441
f 308/501/442 413/474/442 428/497/442
f 406/476/443 422/502/443 407/480/443
f 399/478/444 415/503/444 400/481/444
f 407/480/445 423/504/445 408/482/445
f 401/483/446 415/503/446 416/505/446
f 409/484/447 423/504/447 424/506/447
f 401/483/448 417/491/448 402/485/448
f 414/500/449 82/507/449 429/508/449
f 308/509/450 428/497/450 443/510/450
f 421/498/451 437/511/451 422/502/451
f 414/500/452 430/512/452 415/503/452
f 422/502/453 438/513/453 423/504/453
f 416/505/454 430/512/454 431/514/454
f 424/506/455 438/513/455 439/515/455
f 416/505/456 432/516/456 417/491/456
f 424/506/457 440/517/457 425/490/457
f 418/492/458 432/516/458 433/518/458
f 426/493/459 440/517/459 441/519/459
f 418/492/460 434/520/460 419/494/460
f 426/493/461 442/521/461 427/495/461
f 420/496/462 434/520/462 435/522/462
f 428/497/463 442/521/463 443/510/463
f 421/498/464 435/522/464 436/523/464
f 433/518/465 447/524/465 448/525/465
f 441/519/466 455/526/466 456/527/466
f 433/518/467 449/528/467 434/520/467
f 441/519/468 457/529/468 442/521/468
f 435/522/469 449/528/469 450/530/469
f 442/521/470 458/531/470 443/510/470
f 436/523/471 450/530/471 451/532/471
f 429/508/472 82/533/472 444/534/472
f 308/535/473 443/510/473 458/531/473
f 436/523/474 452/536/474 437/511/474
f 430/512/475 444/534/475 445/537/475
f 437/511/476 453/538/476 438/513/476
f 431/514/477 445/537/477 446/539/477
f 439/515/478 453/538/478 454/540/478
f 431/514/479 447/524/479 432/516/479
f 439/515/480 455/526/480 440/517/480
f 451/532/481 467/541/481 452/536/481
f 444/534/482 460/542/482 445/537/482
f 452/536/483 468/543/483 453/538/483
f 446/539/484 460/542/484 461/544/484
f 454/540/485 468/543/485 469/545/485
f 446/539/486 462/546/486 447/524/486
f 454/540/487 470/547/487 455/526/487
f 448/525/488 462/546/488 463/548/488
f 456/527/489 470/547/489 471/549/489
f 448/525/490 464/550/490 449/528/490
f 456/527/491 472/551/491 457/529/491
f 450/530/492 464/550/492 465/552/492
f 458/531/493 472/551/493 473/553/493
f 451/532/494 465/552/494 466/554/494
f 444/534/495 82/555/495 459/556/495
f 308/557/496 458/531/496 473/553/496
f 471/549/497 479/4/497 480/6/497
f 464/550/498 2/3/498 477/7/498
f 471/549/499 481/10/499 472/551/499
f 465/552/500 477/7/500 3/11/500
f 472/551/501 482/14/501 473/553/501
f 466/554/502 3/11/502 4/16/502
f 459/556/503 82/558/503 474/17/503
f 308/559/504 473/553/504 482/14/504
f 466/554/505 5/22/505 467/541/505
f 459/556/506 475/23/506 460/542/506
f 467/541/507 478/26/507 468/543/507
f 461/544/508 475/23/508 1/27/508
f 468/543/509 6/30/509 469/545/509
f 462/546/510 1/27/510 476/1/510
f 469/545/511 479/4/511 470/547/511
f 463/548/512 476/1/512 2/3/512
f 476/1/1 10/31/1 11/2/1
f 479/4/2 18/32/2 19/5/2
f 477/7/3 2/3/3 11/2/3
f 480/6/4 19/5/4 20/9/4
f 3/11/5 477/7/5 12/8/5
f 481/10/6 20/9/6 21/13/6
f 3/11/513 13/12/513 14/15/513
f 4/16/514 14/15/514 15/21/514
f 475/23/11 474/17/11 7/19/11
f 5/22/12 15/21/12 16/25/12
f 1/27/13 475/23/13 8/24/13
f 478/26/14 16/25/14 17/29/14
f 476/1/15 1/27/15 9/28/15
f 479/4/16 6/30/16 17/29/16
f 9/28/17 24/49/17 25/33/17
f 18/32/18 17/29/18 32/34/18
f 10/31/19 25/33/19 26/36/19
f 19/5/20 18/32/20 33/35/20
f 11/2/21 26/36/21 27/38/21
f 20/9/22 19/5/22 34/37/22
f 13/12/23 12/8/23 27/38/23
f 20/9/24 35/39/24 36/41/24
f 13/12/25 28/40/25 29/42/25
f 14/15/28 29/42/28 30/46/28
f 7/19/29 22/44/29 23/47/29
f 15/21/30 30/46/30 31/48/30
f 8/24/31 23/47/31 24/49/31
f 17/29/32 16/25/32 31/48/32
f 29/42/33 28/40/33 43/50/33
f 29/42/36 44/51/36 45/56/36
f 22/44/37 37/53/37 38/57/37
f 30/46/38 45/56/38 46/58/38
f 23/47/515 38/57/515 39/59/515
f 32/34/40 31/48/40 46/58/40
f 24/49/41 39/59/41 40/61/41
f 33/35/42 32/34/42 47/60/42
f 25/33/43 40/61/43 41/63/43
f 34/37/44 33/35/44 48/62/44
f 26/36/45 41/63/45 42/65/45
f 35/39/516 34/37/516 49/64/516
f 28/40/47 27/38/47 42/65/47
f 36/41/48 35/39/48 50/66/48
f 47/60/49 62/83/49 63/67/49
f 41/63/50 40/61/50 55/68/50
f 49/64/51 48/62/51 63/67/51
f 41/63/52 56/69/52 57/71/52
f 50/66/53 49/64/53 64/70/53
f 43/50/54 42/65/54 57/71/54
f 51/55/55 50/66/55 65/72/55
f 44/51/56 43/50/56 58/73/56
f 44/51/59 59/75/59 60/79/59
f 37/53/60 52/77/60 53/80/60
f 45/56/61 60/79/61 61/81/61
f 38/57/62 53/80/62 54/82/62
f 47/60/63 46/58/63 61/81/63
f 39/59/64 54/82/64 55/68/64
f 59/75/67 74/100/67 75/88/67
f 53/80/68 52/77/68 67/85/68
f 60/79/69 75/88/69 76/90/69
f 54/82/70 53/80/70 68/89/70
f 62/83/71 61/81/71 76/90/71
f 54/82/72 69/91/72 70/93/72
f 62/83/73 77/92/73 78/94/73
f 56/69/74 55/68/74 70/93/74
f 64/70/75 63/67/75 78/94/75
f 56/69/76 71/95/76 72/97/76
f 64/70/77 79/96/77 80/98/77
f 58/73/78 57/71/78 72/97/78
f 65/72/517 80/98/517 81/87/517
f 59/75/80 58/73/80 73/99/80
f 71/95/81 70/93/81 86/101/81
f 79/96/82 78/94/82 94/103/82
f 71/95/83 87/102/83 88/105/83
f 80/98/84 79/96/84 95/104/84
f 73/99/85 72/97/85 88/105/85
f 81/87/86 80/98/86 96/106/86
f 74/100/87 73/99/87 89/107/87
f 74/100/90 90/109/90 91/113/90
f 67/85/91 83/111/91 84/114/91
f 75/88/92 91/113/92 92/115/92
f 68/89/93 84/114/93 85/116/93
f 77/92/94 76/90/94 92/115/94
f 69/91/95 85/116/95 86/101/95
f 77/92/96 93/117/96 94/103/96
f 90/109/97 105/131/97 106/118/97
f 83/111/98 98/133/98 99/119/98
f 91/113/99 106/118/99 107/120/99
f 85/116/100 84/114/100 99/119/100
f 93/117/101 92/115/101 107/120/101
f 85/116/102 100/121/102 101/123/102
f 93/117/103 108/122/103 109/124/103
f 87/102/104 86/101/104 101/123/104
f 95/104/105 94/103/105 109/124/105
f 87/102/106 102/125/106 103/127/106
f 95/104/107 110/126/107 111/128/107
f 89/107/108 88/105/108 103/127/108
f 96/106/109 111/128/109 112/130/109
f 90/109/110 89/107/110 104/129/110
f 110/126/113 109/124/113 124/135/113
f 102/125/114 117/151/114 118/137/114
f 111/128/115 110/126/115 125/136/115
f 104/129/116 103/127/116 118/137/116
f 111/128/117 126/138/117 127/140/117
f 105/131/118 104/129/118 119/139/118
f 105/131/121 120/141/121 121/145/121
f 98/133/122 113/143/122 114/146/122
f 106/118/123 121/145/123 122/147/123
f 99/119/124 114/146/124 115/148/124
f 108/122/125 107/120/125 122/147/125
f 100/121/126 115/148/126 116/150/126
f 108/122/127 123/149/127 124/135/127
f 102/125/128 101/123/128 116/150/128
f 121/145/129 136/168/129 137/152/129
f 115/148/130 114/146/130 129/153/130
f 123/149/131 122/147/131 137/152/131
f 115/148/132 130/154/132 131/156/132
f 123/149/133 138/155/133 139/157/133
f 117/151/134 116/150/134 131/156/134
f 125/136/135 124/135/135 139/157/135
f 117/151/136 132/158/136 133/160/136
f 125/136/137 140/159/137 141/161/137
f 119/139/138 118/137/138 133/160/138
f 126/138/139 141/161/139 142/163/139
f 120/141/140 119/139/140 134/162/140
f 120/141/143 135/164/143 136/168/143
f 114/146/144 113/143/144 128/166/144
f 141/161/145 140/159/145 155/169/145
f 134/162/146 133/160/146 148/171/146
f 141/161/147 156/170/147 157/173/147
f 135/164/148 134/162/148 149/172/148
f 135/164/151 150/174/151 151/178/151
f 128/166/152 143/176/152 144/179/152
f 136/168/153 151/178/153 152/180/153
f 129/153/154 144/179/154 145/181/154
f 138/155/155 137/152/155 152/180/155
f 130/154/156 145/181/156 146/183/156
f 138/155/157 153/182/157 154/184/157
f 132/158/158 131/156/158 146/183/158
f 140/159/159 139/157/159 154/184/159
f 132/158/160 147/185/160 148/171/160
f 144/179/518 159/202/518 160/186/518
f 153/182/162 152/180/162 167/187/162
f 145/181/163 160/186/163 161/189/163
f 153/182/164 168/188/164 169/190/164
f 147/185/165 146/183/165 161/189/165
f 155/169/166 154/184/166 169/190/166
f 147/185/167 162/191/167 163/193/167
f 156/170/519 155/169/519 170/192/519
f 149/172/169 148/171/169 163/193/169
f 157/173/520 156/170/520 171/194/520
f 150/174/171 149/172/171 164/195/171
f 150/174/174 165/197/174 166/201/174
f 143/176/175 158/199/175 159/202/175
f 151/178/176 166/201/176 167/187/176
f 164/195/177 163/193/177 178/203/177
f 172/196/178 171/194/178 186/205/178
f 165/197/179 164/195/179 179/204/179
f 165/197/182 180/207/182 181/211/182
f 158/199/183 173/209/183 174/212/183
f 166/201/184 181/211/184 182/213/184
f 159/202/185 174/212/185 175/214/185
f 168/188/186 167/187/186 182/213/186
f 160/186/187 175/214/187 176/216/187
f 168/188/188 183/215/188 184/217/188
f 162/191/189 161/189/189 176/216/189
f 170/192/190 169/190/190 184/217/190
f 162/191/191 177/218/191 178/203/191
f 171/194/192 170/192/192 185/219/192
f 183/215/193 182/213/193 197/220/193
f 175/214/194 190/236/194 191/222/194
f 183/215/195 198/221/195 199/223/195
f 177/218/196 176/216/196 191/222/196
f 185/219/197 184/217/197 199/223/197
f 177/218/198 192/224/198 193/226/198
f 185/219/199 200/225/199 201/227/199
f 179/204/200 178/203/200 193/226/200
f 186/205/201 201/227/201 202/229/201
f 180/207/202 179/204/202 194/228/202
f 180/207/205 195/230/205 196/234/205
f 174/212/206 173/209/206 188/232/206
f 181/211/207 196/234/207 197/220/207
f 175/214/208 174/212/208 189/235/208
f 202/229/209 201/227/209 216/237/209
f 195/230/210 194/228/210 209/239/210
f 195/230/213 210/240/213 211/244/213
f 188/232/214 203/242/214 204/245/214
f 196/234/215 211/244/215 212/246/215
f 189/235/216 204/245/216 205/247/216
f 198/221/217 197/220/217 212/246/217
f 190/236/218 205/247/218 206/249/218
f 198/221/219 213/248/219 214/250/219
f 192/224/220 191/222/220 206/249/220
f 200/225/221 199/223/221 214/250/221
f 192/224/222 207/251/222 208/253/222
f 201/227/223 200/225/223 215/252/223
f 194/228/224 193/226/224 208/253/224
f 205/247/225 220/269/225 221/254/225
f 213/248/226 228/270/226 229/255/226
f 207/251/227 206/249/227 221/254/227
f 215/252/228 214/250/228 229/255/228
f 207/251/229 222/256/229 223/258/229
f 216/237/230 215/252/230 230/257/230
f 209/239/231 208/253/231 223/258/231
f 217/238/232 216/237/232 231/259/232
f 210/240/233 209/239/233 224/260/233
f 210/240/236 225/262/236 226/266/236
f 203/242/237 218/264/237 219/267/237
f 211/244/238 226/266/238 227/268/238
f 204/245/239 219/267/239 220/269/239
f 213/248/240 212/246/240 227/268/240
f 225/262/241 224/260/241 239/271/241
f 225/262/244 240/272/244 241/277/244
f 219/267/245 218/264/245 233/274/245
f 226/266/246 241/277/246 242/279/246
f 219/267/247 234/278/247 235/280/247
f 228/270/248 227/268/248 242/279/248
f 220/269/249 235/280/249 236/282/249
f 228/270/250 243/281/250 244/283/250
f 222/256/251 221/254/251 236/282/251
f 230/257/252 229/255/252 244/283/252
f 222/256/253 237/284/253 238/286/253
f 231/259/254 230/257/254 245/285/254
f 224/260/255 223/258/255 238/286/255
f 231/259/256 246/287/256 247/276/256
f 243/281/257 258/304/257 259/288/257
f 237/284/258 236/282/258 251/289/258
f 245/285/259 244/283/259 259/288/259
f 237/284/260 252/290/260 253/292/260
f 245/285/261 260/291/261 261/293/261
f 239/271/262 238/286/262 253/292/262
f 246/287/263 261/293/263 262/295/263
f 240/272/521 239/271/521 254/294/521
f 240/272/522 255/296/522 256/300/522
f 234/278/268 233/274/268 248/298/268
f 241/277/269 256/300/269 257/302/269
f 235/280/270 234/278/270 249/301/270
f 243/281/271 242/279/271 257/302/271
f 235/280/272 250/303/272 251/289/272
f 255/296/274 270/320/274 271/307/274
f 249/301/275 248/298/275 263/308/275
f 256/300/276 271/307/276 272/310/276
f 249/301/277 264/309/277 265/311/277
f 258/304/278 257/302/278 272/310/278
f 250/303/279 265/311/279 266/313/279
f 258/304/280 273/312/280 274/314/280
f 252/290/281 251/289/281 266/313/281
f 260/291/282 259/288/282 274/314/282
f 252/290/283 267/315/283 268/317/283
f 261/293/284 260/291/284 275/316/284
f 254/294/285 253/292/285 268/317/285
f 261/293/286 276/318/286 277/306/286
f 255/296/287 254/294/287 269/319/287
f 275/316/289 274/314/289 289/322/289
f 267/315/290 282/338/290 283/324/290
f 275/316/523 290/323/523 291/325/523
f 269/319/292 268/317/292 283/324/292
f 276/318/293 291/325/293 292/327/293
f 270/320/294 269/319/294 284/326/294
f 270/320/297 285/328/297 286/332/297
f 263/308/298 278/330/298 279/333/298
f 271/307/299 286/332/299 287/334/299
f 264/309/524 279/333/524 280/335/524
f 273/312/301 272/310/301 287/334/301
f 265/311/302 280/335/302 281/337/302
f 273/312/303 288/336/303 289/322/303
f 267/315/304 266/313/304 281/337/304
f 278/330/305 293/353/305 294/339/305
f 286/332/306 301/355/306 302/340/306
f 280/335/307 279/333/307 294/339/307
f 288/336/308 287/334/308 302/340/308
f 280/335/309 295/341/309 296/343/309
f 288/336/310 303/342/310 304/344/310
f 282/338/311 281/337/311 296/343/311
f 290/323/312 289/322/312 304/344/312
f 282/338/313 297/345/313 298/347/313
f 290/323/314 305/346/314 306/348/314
f 284/326/315 283/324/315 298/347/315
f 292/327/316 291/325/316 306/348/316
f 285/328/317 284/326/317 299/349/317
f 285/328/320 300/351/320 301/355/320
f 297/345/321 313/371/321 314/356/321
f 305/346/322 321/372/322 322/357/322
f 299/349/323 298/347/323 314/356/323
f 306/348/525 322/357/525 323/359/525
f 300/351/325 299/349/325 315/358/325
f 300/351/328 316/360/328 317/364/328
f 294/339/329 293/353/329 309/362/329
f 301/355/330 317/364/330 318/366/330
f 295/341/331 294/339/331 310/365/331
f 303/342/332 302/340/332 318/366/332
f 295/341/333 311/367/333 312/369/333
f 303/342/334 319/368/334 320/370/334
f 297/345/335 296/343/335 312/369/335
f 305/346/336 304/344/336 320/370/336
f 317/364/337 332/388/337 333/373/337
f 310/365/338 325/389/338 326/374/338
f 319/368/339 318/366/339 333/373/339
f 311/367/340 326/374/340 327/376/340
f 319/368/341 334/375/341 335/377/341
f 313/371/342 312/369/342 327/376/342
f 321/372/343 320/370/343 335/377/343
f 313/371/344 328/378/344 329/380/344
f 321/372/526 336/379/526 337/381/526
f 315/358/346 314/356/346 329/380/346
f 323/359/347 322/357/347 337/381/347
f 316/360/348 315/358/348 330/382/348
f 316/360/351 331/384/351 332/388/351
f 309/362/352 324/386/352 325/389/352
f 336/379/353 351/406/353 352/390/353
f 330/382/354 329/380/354 344/391/354
f 338/383/355 337/381/355 352/390/355
f 331/384/356 330/382/356 345/392/356
f 331/384/359 346/394/359 347/398/359
f 324/386/360 339/396/360 340/399/360
f 332/388/361 347/398/361 348/400/361
f 326/374/362 325/389/362 340/399/362
f 334/375/363 333/373/363 348/400/363
f 326/374/364 341/401/364 342/403/364
f 334/375/365 349/402/365 350/404/365
f 328/378/366 327/376/366 342/403/366
f 336/379/367 335/377/367 350/404/367
f 328/378/368 343/405/368 344/391/368
f 341/401/369 340/399/369 355/407/369
f 349/402/370 348/400/370 363/409/370
f 341/401/371 356/408/371 357/411/371
f 349/402/372 364/410/372 365/412/372
f 343/405/373 342/403/373 357/411/373
f 351/406/374 350/404/374 365/412/374
f 343/405/375 358/413/375 359/415/375
f 351/406/376 366/414/376 367/416/376
f 345/392/377 344/391/377 359/415/377
f 353/393/378 352/390/378 367/416/378
f 346/394/527 345/392/527 360/417/527
f 346/394/528 361/419/528 362/423/528
f 339/396/383 354/421/383 355/407/383
f 347/398/384 362/423/384 363/409/384
f 360/424/385 359/454/385 374/425/385
f 367/427/386 382/455/386 383/428/386
f 361/430/529 360/424/529 375/426/529
f 361/430/530 376/431/530 377/436/530
f 355/438/391 354/432/391 369/434/391
f 362/437/392 377/436/392 378/440/392
f 356/442/393 355/438/393 370/439/393
f 364/444/394 363/441/394 378/440/394
f 356/442/395 371/443/395 372/446/395
f 364/444/396 379/445/396 380/448/396
f 358/450/397 357/447/397 372/446/397
f 366/452/398 365/449/398 380/448/398
f 358/450/399 373/451/399 374/425/399
f 366/452/400 381/453/400 382/455/400
f 379/445/401 378/440/401 393/456/401
f 371/443/402 386/472/402 387/458/402
f 379/445/403 394/457/403 395/459/403
f 373/451/404 372/446/404 387/458/404
f 381/453/405 380/448/405 395/459/405
f 373/451/406 388/460/406 389/462/406
f 381/453/407 396/461/407 397/463/407
f 375/426/408 374/425/408 389/462/408
f 382/455/409 397/463/409 398/465/409
f 376/431/410 375/426/410 390/464/410
f 376/431/413 391/466/413 392/470/413
f 370/439/414 369/434/414 384/468/414
f 377/436/415 392/470/415 393/456/415
f 371/443/416 370/439/416 385/471/416
f 398/465/417 397/463/417 412/473/417
f 391/466/418 390/464/418 405/475/418
f 391/466/421 406/476/421 407/480/421
f 384/468/422 399/478/422 400/481/422
f 392/470/423 407/480/423 408/482/423
f 386/472/424 385/471/424 400/481/424
f 394/457/425 393/456/425 408/482/425
f 386/472/426 401/483/426 402/485/426
f 394/457/427 409/484/427 410/486/427
f 388/460/428 387/458/428 402/485/428
f 396/461/429 395/459/429 410/486/429
f 388/460/430 403/487/430 404/489/430
f 396/461/431 411/488/431 412/473/431
f 390/464/432 389/462/432 404/489/432
f 409/484/433 424/506/433 425/490/433
f 403/487/434 402/485/434 417/491/434
f 411/488/435 410/486/435 425/490/435
f 403/487/436 418/492/436 419/494/436
f 411/488/437 426/493/437 427/495/437
f 405/475/438 404/489/438 419/494/438
f 412/473/439 427/495/439 428/497/439
f 406/476/440 405/475/440 420/496/440
f 406/476/443 421/498/443 422/502/443
f 399/478/444 414/500/444 415/503/444
f 407/480/445 422/502/445 423/504/445
f 401/483/446 400/481/446 415/503/446
f 409/484/447 408/482/447 423/504/447
f 401/483/448 416/505/448 417/491/448
f 421/498/451 436/523/451 437/511/451
f 414/500/452 429/508/452 430/512/452
f 422/502/453 437/511/453 438/513/453
f 416/505/454 415/503/454 430/512/454
f 424/506/455 423/504/455 438/513/455
f 416/505/456 431/514/456 432/516/456
f 424/506/457 439/515/457 440/517/457
f 418/492/458 417/491/458 432/516/458
f 426/493/459 425/490/459 440/517/459
f 418/492/460 433/518/460 434/520/460
f 426/493/461 441/519/461 442/521/461
f 420/496/462 419/494/462 434/520/462
f 428/497/463 427/495/463 442/521/463
f 421/498/464 420/496/464 435/522/464
f 433/518/465 432/516/465 447/524/465
f 441/519/466 440/517/466 455/526/466
f 433/518/467 448/525/467 449/528/467
f 441/519/468 456/527/468 457/529/468
f 435/522/469 434/520/469 449/528/469
f 442/521/470 457/529/470 458/531/470
f 436/523/471 435/522/471 450/530/471
f 436/523/474 451/532/474 452/536/474
f 430/512/475 429/508/475 444/534/475
f 437/511/476 452/536/476 453/538/476
f 431/514/477 430/512/477 445/537/477
f 439/515/478 438/513/478 453/538/478
f 431/514/479 446/539/479 447/524/479
f 439/515/480 454/540/480 455/526/480
f 451/532/481 466/554/481 467/541/481
f 444/534/482 459/556/482 460/542/482
f 452/536/483 467/541/483 468/543/483
f 446/539/484 445/537/484 460/542/484
f 454/540/485 453/538/485 468/543/485
f 446/539/486 461/544/486 462/546/486
f 454/540/487 469/545/487 470/547/487
f 448/525/488 447/524/488 462/546/488
f 456/527/489 455/526/489 470/547/489
f 448/525/490 463/548/490 464/550/490
f 456/527/491 471/549/491 472/551/491
f 450/530/492 449/528/492 464/550/492
f 458/531/493 457/529/493 472/551/493
f 451/532/494 450/530/494 465/552/494
f 471/549/497 470/547/497 479/4/497
f 464/550/498 463/548/498 2/3/498
f 471/549/499 480/6/499 481/10/499
f 465/552/500 464/550/500 477/7/500
f 472/551/501 481/10/501 482/14/501
f 466/554/502 465/552/502 3/11/502
f 466/554/505 4/16/505 5/22/505
f 459/556/506 474/17/506 475/23/506
f 467/541/507 5/22/507 478/26/507
f 461/544/508 460/542/508 475/23/508
f 468/543/509 478/26/509 6/30/509
f 462/546/510 461/544/510 1/27/510
f 469/545/511 6/30/511 479/4/511
f 463/548/512 462/546/512 476/1/512
o Barrier01
v -12.111403 1.000000 16.629375
v -8.653670 1.000000 18.477575
v -4.901810 1.000000 19.615690
v -1.000007 1.000000 19.999987
v -1.000000 21.000000 0.000000
v -1.000000 20.615704 3.901804
v -1.000001 19.477591 7.653666
v -1.000002 17.629393 11.111399
v -1.000000 15.142136 14.142133
v -1.000002 12.111405 16.629387
v -0.999999 8.653669 18.477585
v -1.000003 4.901806 19.615700
v -1.761204 20.615704 3.826832
v -2.493157 19.477591 7.506604
v -3.167728 17.629393 10.897896
v -3.758993 15.142136 13.870396
v -4.244234 12.111405 16.309856
v -4.604797 8.653669 18.122543
v -4.826836 4.901806 19.238789
v -2.493155 20.615704 3.604796
v -3.928932 19.477591 7.071066
v -5.252151 17.629393 10.265593
v -6.411960 15.142136 13.065626
v -7.363792 12.111405 15.363548
v -8.071065 8.653669 17.071062
v -8.506605 4.901806 18.122541
v -3.167726 20.615704 3.244231
v -5.252151 19.477591 6.363791
v -7.173164 17.629393 9.238788
v -8.856949 15.142136 11.758753
v -10.238792 12.111405 13.826827
v -11.265594 8.653669 15.363550
v -11.897902 4.901806 16.309855
v -3.758992 20.615704 2.758991
v -6.411960 19.477591 5.411959
v -8.856946 17.629393 7.856942
v -10.999998 15.142136 9.999998
v -12.758752 12.111405 11.758748
v -14.065624 8.653669 13.065625
v -14.870396 4.901806 13.870391
v -4.244231 20.615704 2.167726
v -7.363791 19.477591 4.252148
v -10.238791 17.629393 6.173159
v -12.758753 15.142136 7.856947
v -14.826830 12.111405 9.238789
v -16.363548 8.653669 10.265596
v -17.309858 4.901806 10.897894
v -4.604796 20.615704 1.493155
v -8.071066 19.477591 2.928930
v -11.265593 17.629393 4.252145
v -14.065627 15.142136 5.411959
v -16.363548 12.111405 6.363787
v -18.071062 8.653669 7.071065
v -19.122543 4.901806 7.506598
v -4.826831 20.615704 0.761204
v -8.506602 19.477591 1.493155
v -11.897894 17.629393 2.167723
v -14.870396 15.142136 2.758993
v -17.309855 12.111405 3.244229
v -19.122541 8.653669 3.604798
v -20.238789 4.901806 3.826828
v -4.901803 20.615704 -0.000000
v -8.653666 19.477591 -0.000001
v -12.111396 17.629393 -0.000003
v -15.142132 15.142136 -0.000001
v -17.629383 12.111405 -0.000003
v -19.477583 8.653669 -0.000000
v -20.615696 4.901806 -0.000005
v -20.999981 1.000000 -0.000009
v -20.615688 1.000000 3.901794
v -19.477577 1.000000 7.653654
v -17.629383 1.000000 11.111388
v -15.142130 1.000000 14.142118
vn -0.0759 0.6326 0.7708
vn -0.0865 0.4696 0.8786
vn -0.0938 0.2890 0.9527
vn -0.0976 0.0975 0.9904
vn -0.0097 0.9951 0.0980
vn -0.0286 0.9565 0.2902
vn -0.0464 0.8810 0.4709
vn -0.0624 0.7715 0.6332
vn -0.0286 0.9951 0.0942
vn -0.0846 0.9565 0.2790
vn -0.1374 0.8810 0.4528
vn -0.1847 0.7715 0.6088
vn -0.2248 0.6326 0.7412
vn -0.2563 0.4696 0.8448
vn -0.2779 0.2890 0.9161
vn -0.2889 0.0975 0.9524
vn -0.3651 0.6326 0.6831
vn -0.4162 0.4696 0.7786
vn -0.4513 0.2890 0.8443
vn -0.4691 0.0975 0.8777
vn -0.0464 0.9951 0.0869
vn -0.1374 0.9565 0.2571
vn -0.2231 0.8810 0.4173
vn -0.2999 0.7715 0.5611
vn -0.1850 0.9565 0.2254
vn -0.3002 0.8810 0.3658
vn -0.4036 0.7715 0.4918
vn -0.4913 0.6326 0.5987
vn -0.5601 0.4696 0.6825
vn -0.6073 0.2890 0.7400
vn -0.6314 0.0975 0.7693
vn -0.0625 0.9951 0.0761
vn -0.6825 0.4696 0.5601
vn -0.7400 0.2890 0.6073
vn -0.7693 0.0975 0.6314
vn -0.0761 0.9951 0.0625
vn -0.2254 0.9565 0.1850
vn -0.3658 0.8810 0.3002
vn -0.4918 0.7715 0.4036
vn -0.5987 0.6326 0.4913
vn -0.4173 0.8810 0.2230
vn -0.5611 0.7715 0.2999
vn -0.6831 0.6326 0.3651
vn -0.7786 0.4696 0.4162
vn -0.8443 0.2890 0.4513
vn -0.8777 0.0975 0.4691
vn -0.0869 0.9951 0.0464
vn -0.2571 0.9565 0.1374
vn -0.9161 0.2890 0.2779
vn -0.9524 0.0975 0.2889
vn -0.0942 0.9951 0.0286
vn -0.2790 0.9565 0.0846
vn -0.4528 0.8810 0.1374
vn -0.6088 0.7715 0.1847
vn -0.7412 0.6326 0.2248
vn -0.8448 0.4696 0.2563
vn -0.4709 0.8810 0.0464
vn -0.6332 0.7715 0.0624
vn -0.7708 0.6326 0.0759
vn -0.8786 0.4696 0.0865
vn -0.9527 0.2890 0.0938
vn -0.9904 0.0975 0.0975
vn -0.0980 0.9951 0.0097
vn -0.2902 0.9565 0.0286
vn -0.0975 0.0975 0.9904
vn -0.9904 0.0975 0.0976
vt 0.250000 0.687500
vt 0.218750 0.750000
vt 0.218750 0.687500
vt 0.218750 0.625000
vt 0.250000 0.625000
vt 0.250000 0.562500
vt 0.218750 0.562500
vt 0.250000 0.500000
vt 0.218750 0.500000
vt 0.250000 0.937500
vt 0.234375 1.000000
vt 0.218750 0.937500
vt 0.250000 0.875000
vt 0.218750 0.875000
vt 0.250000 0.812500
vt 0.218750 0.812500
vt 0.250000 0.750000
vt 0.203125 1.000000
vt 0.187500 0.937500
vt 0.187500 0.875000
vt 0.187500 0.812500
vt 0.187500 0.750000
vt 0.187500 0.687500
vt 0.187500 0.625000
vt 0.187500 0.562500
vt 0.187500 0.500000
vt 0.156250 0.750000
vt 0.156250 0.687500
vt 0.156250 0.625000
vt 0.156250 0.562500
vt 0.156250 0.500000
vt 0.171875 1.000000
vt 0.156250 0.937500
vt 0.156250 0.875000
vt 0.156250 0.812500
vt 0.125000 0.875000
vt 0.125000 0.812500
vt 0.125000 0.750000
vt 0.125000 0.687500
vt 0.125000 0.625000
vt 0.125000 0.562500
vt 0.125000 0.500000
vt 0.140625 1.000000
vt 0.125000 0.937500
vt 0.093750 0.625000
vt 0.093750 0.562500
vt 0.093750 0.500000
vt 0.109375 1.000000
vt 0.093750 0.937500
vt 0.093750 0.875000
vt 0.093750 0.812500
vt 0.093750 0.750000
vt 0.093750 0.687500
vt 0.062500 0.812500
vt 0.062500 0.750000
vt 0.062500 0.687500
vt 0.062500 0.625000
vt 0.062500 0.562500
vt 0.062500 0.500000
vt 0.078125 1.000000
vt 0.062500 0.937500
vt 0.062500 0.875000
vt 0.031250 0.625000
vt 0.031250 0.562500
vt 0.031250 0.500000
vt 0.046875 1.000000
vt 0.031250 0.937500
vt 0.031250 0.875000
vt 0.031250 0.812500
vt 0.031250 0.750000
vt 0.031250 0.687500
vt 0.000000 0.875000
vt 0.000000 0.812500
vt 0.000000 0.750000
vt 0.000000 0.687500
vt 0.000000 0.625000
vt 0.000000 0.562500
vt 0.000000 0.500000
vt 0.015625 1.000000
vt 0.000000 0.937500
s 0
usemtl Barrier01Material
f 492/560/531 498/561/531 499/562/531
f 492/560/532 500/563/532 493/564/532
f 494/565/533 500/563/533 501/566/533
f 486/567/534 501/566/534 485/568/534
f 488/569/535 487/570/535 495/571/535
f 489/572/536 495/571/536 496/573/536
f 490/574/537 496/573/537 497/575/537
f 490/574/538 498/561/538 491/576/538
f 495/571/539 487/577/539 502/578/539
f 496/573/540 502/578/540 503/579/540
f 496/573/541 504/580/541 497/575/541
f 497/575/542 505/581/542 498/561/542
f 499/562/543 505/581/543 506/582/543
f 499/562/544 507/583/544 500/563/544
f 501/566/545 507/583/545 508/584/545
f 485/568/546 508/584/546 484/585/546
f 506/582/547 512/586/547 513/587/547
f 506/582/548 514/588/548 507/583/548
f 508/584/549 514/588/549 515/589/549
f 484/585/550 515/589/550 483/590/550
f 502/578/551 487/591/551 509/592/551
f 502/578/552 510/593/552 503/579/552
f 504/580/553 510/593/553 511/594/553
f 504/580/554 512/586/554 505/581/554
f 509/592/555 517/595/555 510/593/555
f 511/594/556 517/595/556 518/596/556
f 511/594/557 519/597/557 512/586/557
f 513/587/558 519/597/558 520/598/558
f 513/587/559 521/599/559 514/588/559
f 515/589/560 521/599/560 522/600/560
f 483/590/561 522/600/561 555/601/561
f 509/592/562 487/602/562 516/603/562
f 520/598/563 528/604/563 521/599/563
f 522/600/564 528/604/564 529/605/564
f 555/601/565 529/605/565 554/606/565
f 516/603/566 487/607/566 523/608/566
f 517/595/567 523/608/567 524/609/567
f 518/596/568 524/609/568 525/610/568
f 518/596/569 526/611/569 519/597/569
f 520/598/570 526/611/570 527/612/570
f 524/609/571 532/613/571 525/610/571
f 525/610/572 533/614/572 526/611/572
f 527/612/573 533/614/573 534/615/573
f 527/612/574 535/616/574 528/604/574
f 529/605/575 535/616/575 536/617/575
f 554/606/576 536/617/576 553/618/576
f 523/608/577 487/619/577 530/620/577
f 523/608/578 531/621/578 524/609/578
f 536/617/579 542/622/579 543/623/579
f 553/618/580 543/623/580 552/624/580
f 530/620/581 487/625/581 537/626/581
f 530/620/582 538/627/582 531/621/582
f 532/613/583 538/627/583 539/628/583
f 532/613/584 540/629/584 533/614/584
f 534/615/585 540/629/585 541/630/585
f 534/615/586 542/622/586 535/616/586
f 539/628/587 545/631/587 546/632/587
f 539/628/588 547/633/588 540/629/588
f 541/630/589 547/633/589 548/634/589
f 541/630/590 549/635/590 542/622/590
f 543/623/591 549/635/591 550/636/591
f 552/624/592 550/636/592 551/637/592
f 537/626/593 487/638/593 544/639/593
f 537/626/594 545/631/594 538/627/594
f 492/560/531 491/576/531 498/561/531
f 492/560/532 499/562/532 500/563/532
f 494/565/533 493/564/533 500/563/533
f 486/567/595 494/565/595 501/566/595
f 489/572/536 488/569/536 495/571/536
f 490/574/537 489/572/537 496/573/537
f 490/574/538 497/575/538 498/561/538
f 496/573/540 495/571/540 502/578/540
f 496/573/541 503/579/541 504/580/541
f 497/575/542 504/580/542 505/581/542
f 499/562/543 498/561/543 505/581/543
f 499/562/544 506/582/544 507/583/544
f 501/566/545 500/563/545 507/583/545
f 485/568/546 501/566/546 508/584/546
f 506/582/547 505/581/547 512/586/547
f 506/582/548 513/587/548 514/588/548
f 508/584/549 507/583/549 514/588/549
f 484/585/550 508/584/550 515/589/550
f 502/578/552 509/592/552 510/593/552
f 504/580/553 503/579/553 510/593/553
f 504/580/554 511/594/554 512/586/554
f 509/592/555 516/603/555 517/595/555
f 511/594/556 510/593/556 517/595/556
f 511/594/557 518/596/557 519/597/557
f 513/587/558 512/586/558 519/597/558
f 513/587/559 520/598/559 521/599/559
f 515/589/560 514/588/560 521/599/560
f 483/590/561 515/589/561 522/600/561
f 520/598/563 527/612/563 528/604/563
f 522/600/564 521/599/564 528/604/564
f 555/601/565 522/600/565 529/605/565
f 517/595/567 516/603/567 523/608/567
f 518/596/568 517/595/568 524/609/568
f 518/596/569 525/610/569 526/611/569
f 520/598/570 519/597/570 526/611/570
f 524/609/571 531/621/571 532/613/571
f 525/610/572 532/613/572 533/614/572
f 527/612/573 526/611/573 533/614/573
f 527/612/574 534/615/574 535/616/574
f 529/605/575 528/604/575 535/616/575
f 554/606/576 529/605/576 536/617/576
f 523/608/578 530/620/578 531/621/578
f 536/617/579 535/616/579 542/622/579
f 553/618/580 536/617/580 543/623/580
f 530/620/582 537/626/582 538/627/582
f 532/613/583 531/621/583 538/627/583
f 532/613/584 539/628/584 540/629/584
f 534/615/585 533/614/585 540/629/585
f 534/615/586 541/630/586 542/622/586
f 539/628/587 538/627/587 545/631/587
f 539/628/588 546/632/588 547/633/588
f 541/630/589 540/629/589 547/633/589
f 541/630/590 548/634/590 549/635/590
f 543/623/591 542/622/591 549/635/591
f 552/624/596 543/623/596 550/636/596
f 537/626/594 544/639/594 545/631/594
o Barrier02
v 4.901798 1.000000 19.615696
v 4.826830 4.901806 19.238789
v 8.653659 1.000000 18.477583
v 0.999993 1.000000 19.999987
v 0.999997 4.901806 19.615700
v 1.000001 8.653669 18.477585
v 0.999998 12.111405 16.629387
v 4.604799 8.653669 18.122543
v 4.244230 12.111405 16.309856
v 8.071068 8.653669 17.071064
v 7.363789 12.111405 15.363550
v 8.506601 4.901806 18.122543
v 11.265598 8.653669 15.363551
v 10.238791 12.111405 13.826830
v 11.897898 4.901806 16.309860
v 14.065628 8.653669 13.065626
v 12.758751 12.111405 11.758753
v 14.870395 4.901806 13.870397
v 16.363552 8.653669 10.265597
v 14.826830 12.111405 9.238794
v 17.309858 4.901806 10.897902
v 18.071066 8.653669 7.071066
v 16.363550 12.111405 6.363793
v 19.122545 4.901806 7.506606
v 19.122547 8.653669 3.604798
v 17.309858 12.111405 3.244235
v 20.238791 4.901806 3.826835
v 19.477589 8.653669 -0.000001
v 17.629389 12.111405 0.000002
v 20.615702 4.901806 0.000002
v 20.999994 1.000000 0.000003
v 20.615696 1.000000 3.901809
v 19.477581 1.000000 7.653669
v 17.629383 1.000000 11.111403
v 15.142125 1.000000 14.142133
v 12.111395 1.000000 16.629387
v 15.142135 15.142136 -0.000000
v 12.111403 17.629393 0.000001
v 14.870397 15.142136 2.758993
v 11.897900 17.629393 2.167728
v 14.065628 15.142136 5.411960
v 11.265596 17.629393 4.252151
v 12.758755 15.142136 7.856948
v 10.238791 17.629393 6.173165
v 10.999999 15.142136 9.999999
v 8.856946 17.629393 7.856948
v 8.856949 15.142136 11.758755
v 7.173162 17.629393 9.238793
v 6.411960 15.142136 13.065628
v 5.252147 17.629393 10.265596
v 3.758993 15.142136 13.870397
v 3.167725 17.629393 10.897898
v 1.000000 15.142136 14.142133
v 0.999998 17.629393 11.111399
v 0.999999 19.477591 7.653666
v 1.000000 20.615704 3.901804
v 2.493155 19.477591 7.506604
v 1.761204 20.615704 3.826832
v 3.928931 19.477591 7.071066
v 2.493155 20.615704 3.604797
v 5.252149 19.477591 6.363792
v 3.167727 20.615704 3.244232
v 6.411960 19.477591 5.411961
v 3.758992 20.615704 2.758993
v 7.363792 19.477591 4.252151
v 4.244232 20.615704 2.167727
v 8.071068 19.477591 2.928932
v 4.604798 20.615704 1.493156
v 8.506605 19.477591 1.493157
v 4.826833 20.615704 0.761205
v 8.653668 19.477591 0.000000
v 4.901805 20.615704 0.000000
v 1.000000 21.000000 0.000000
vn 0.0975 0.0975 0.9904
vn 0.2889 0.0975 0.9524
vn 0.0938 0.2890 0.9527
vn 0.0865 0.4696 0.8786
vn 0.2563 0.4696 0.8448
vn 0.2779 0.2890 0.9161
vn 0.4162 0.4696 0.7786
vn 0.4513 0.2890 0.8443
vn 0.5601 0.4696 0.6825
vn 0.6073 0.2890 0.7400
vn 0.6825 0.4696 0.5601
vn 0.7400 0.2890 0.6073
vn 0.7786 0.4696 0.4162
vn 0.8443 0.2890 0.4513
vn 0.8448 0.4696 0.2563
vn 0.9161 0.2890 0.2779
vn 0.8786 0.4696 0.0865
vn 0.9527 0.2890 0.0938
vn 0.9904 0.0975 0.0976
vn 0.9524 0.0975 0.2889
vn 0.8777 0.0975 0.4691
vn 0.7693 0.0975 0.6314
vn 0.6314 0.0975 0.7693
vn 0.4691 0.0975 0.8777
vn 0.7708 0.6326 0.0759
vn 0.6332 0.7715 0.0624
vn 0.6088 0.7715 0.1847
vn 0.7412 0.6326 0.2248
vn 0.5611 0.7715 0.2999
vn 0.6831 0.6326 0.3651
vn 0.4918 0.7715 0.4036
vn 0.5987 0.6326 0.4913
vn 0.4036 0.7715 0.4918
vn 0.4913 0.6326 0.5987
vn 0.2999 0.7715 0.5611
vn 0.3651 0.6326 0.6831
vn 0.1847 0.7715 0.6088
vn 0.2248 0.6326 0.7412
vn 0.0624 0.7715 0.6332
vn 0.0759 0.6326 0.7708
vn 0.0464 0.8810 0.4709
vn 0.0286 0.9565 0.2902
vn 0.0846 0.9565 0.2790
vn 0.1374 0.8810 0.4528
vn 0.1374 0.9565 0.2571
vn 0.2231 0.8810 0.4173
vn 0.1850 0.9565 0.2254
vn 0.3002 0.8810 0.3658
vn 0.2254 0.9565 0.1850
vn 0.3658 0.8810 0.3002
vn 0.2571 0.9565 0.1374
vn 0.4173 0.8810 0.2231
vn 0.2790 0.9565 0.0846
vn 0.4528 0.8810 0.1374
vn 0.2902 0.9565 0.0286
vn 0.4709 0.8810 0.0464
vn 0.0980 0.9951 0.0097
vn 0.0942 0.9951 0.0286
vn 0.0869 0.9951 0.0464
vn 0.0761 0.9951 0.0625
vn 0.0625 0.9951 0.0761
vn 0.0464 0.9951 0.0869
vn 0.0286 0.9951 0.0942
vn 0.0097 0.9951 0.0980
vn 0.2571 0.9566 0.1374
vn 0.4173 0.8810 0.2230
vt 0.281250 0.500000
vt 0.250000 0.562500
vt 0.250000 0.500000
vt 0.312500 0.500000
vt 0.281250 0.562500
vt 0.250000 0.625000
vt 0.281250 0.687500
vt 0.281250 0.625000
vt 0.312500 0.687500
vt 0.312500 0.625000
vt 0.312500 0.562500
vt 0.343750 0.687500
vt 0.343750 0.625000
vt 0.343750 0.562500
vt 0.375000 0.687500
vt 0.375000 0.625000
vt 0.375000 0.562500
vt 0.406250 0.687500
vt 0.406250 0.625000
vt 0.406250 0.562500
vt 0.437500 0.687500
vt 0.437500 0.625000
vt 0.437500 0.562500
vt 0.468750 0.687500
vt 0.468750 0.625000
vt 0.468750 0.562500
vt 0.500000 0.687500
vt 0.500000 0.625000
vt 0.500000 0.562500
vt 0.500000 0.500000
vt 0.468750 0.500000
vt 0.437500 0.500000
vt 0.406250 0.500000
vt 0.375000 0.500000
vt 0.343750 0.500000
vt 0.468750 0.750000
vt 0.500000 0.812500
vt 0.500000 0.750000
vt 0.468750 0.812500
vt 0.437500 0.750000
vt 0.437500 0.812500
vt 0.406250 0.750000
vt 0.406250 0.812500
vt 0.375000 0.750000
vt 0.375000 0.812500
vt 0.343750 0.750000
vt 0.343750 0.812500
vt 0.312500 0.750000
vt 0.312500 0.812500
vt 0.281250 0.750000
vt 0.281250 0.812500
vt 0.250000 0.750000
vt 0.250000 0.687500
vt 0.281250 0.875000
vt 0.250000 0.812500
vt 0.250000 0.937500
vt 0.250000 0.875000
vt 0.312500 0.937500
vt 0.312500 0.875000
vt 0.343750 0.937500
vt 0.343750 0.875000
vt 0.375000 0.875000
vt 0.406250 0.937500
vt 0.406250 0.875000
vt 0.437500 0.937500
vt 0.437500 0.875000
vt 0.468750 0.937500
vt 0.468750 0.875000
vt 0.500000 0.937500
vt 0.500000 0.875000
vt 0.484375 1.000000
vt 0.453125 1.000000
vt 0.421875 1.000000
vt 0.390625 1.000000
vt 0.375000 0.937500
vt 0.359375 1.000000
vt 0.328125 1.000000
vt 0.296875 1.000000
vt 0.281250 0.937500
vt 0.265625 1.000000
s 0
usemtl Barrier02Material
f 556/640/597 560/641/597 559/642/597
f 558/643/598 557/644/598 556/640/598
f 557/644/599 561/645/599 560/641/599
f 564/646/600 561/645/600 563/647/600
f 566/648/601 563/647/601 565/649/601
f 567/650/602 563/647/602 557/644/602
f 569/651/603 565/649/603 568/652/603
f 570/653/604 565/649/604 567/650/604
f 572/654/605 568/652/605 571/655/605
f 573/656/606 568/652/606 570/653/606
f 575/657/607 571/655/607 574/658/607
f 576/659/608 571/655/608 573/656/608
f 578/660/609 574/658/609 577/661/609
f 579/662/610 574/658/610 576/659/610
f 581/663/611 577/661/611 580/664/611
f 582/665/612 577/661/612 579/662/612
f 584/666/613 580/664/613 583/667/613
f 585/668/614 580/664/614 582/665/614
f 586/669/615 582/665/615 587/670/615
f 587/670/616 579/662/616 588/671/616
f 588/671/617 576/659/617 589/672/617
f 589/672/618 573/656/618 590/673/618
f 590/673/619 570/653/619 591/674/619
f 591/674/620 567/650/620 558/643/620
f 584/666/621 594/675/621 581/663/621
f 593/676/622 594/675/622 592/677/622
f 595/678/623 596/679/623 594/675/623
f 581/663/624 596/679/624 578/660/624
f 597/680/625 598/681/625 596/679/625
f 578/660/626 598/681/626 575/657/626
f 599/682/627 600/683/627 598/681/627
f 575/657/628 600/683/628 572/654/628
f 601/684/629 602/685/629 600/683/629
f 572/654/630 602/685/630 569/651/630
f 603/686/631 604/687/631 602/685/631
f 569/651/632 604/687/632 566/648/632
f 605/688/633 606/689/633 604/687/633
f 566/648/634 606/689/634 564/646/634
f 607/690/635 608/691/635 606/689/635
f 564/646/636 608/691/636 562/692/636
f 612/693/637 609/694/637 607/690/637
f 612/693/638 611/695/638 610/696/638
f 615/697/639 612/693/639 614/698/639
f 614/698/640 607/690/640 605/688/640
f 617/699/641 614/698/641 616/700/641
f 616/700/642 605/688/642 603/686/642
f 618/701/643 617/699/643 616/700/643
f 601/684/644 616/700/644 603/686/644
f 621/702/645 618/701/645 620/703/645
f 620/703/646 601/684/646 599/682/646
f 623/704/647 620/703/647 622/705/647
f 622/705/648 599/682/648 597/680/648
f 625/706/649 622/705/649 624/707/649
f 624/707/650 597/680/650 595/678/650
f 627/708/651 624/707/651 626/709/651
f 593/676/652 624/707/652 595/678/652
f 627/708/653 628/710/653 625/706/653
f 625/706/654 628/711/654 623/704/654
f 623/704/655 628/712/655 621/702/655
f 621/702/656 628/713/656 619/714/656
f 619/714/657 628/715/657 617/699/657
f 617/699/658 628/716/658 615/697/658
f 615/697/659 628/717/659 613/718/659
f 613/718/660 628/719/660 611/695/660
f 556/640/597 557/644/597 560/641/597
f 558/643/598 567/650/598 557/644/598
f 557/644/599 563/647/599 561/645/599
f 564/646/600 562/692/600 561/645/600
f 566/648/601 564/646/601 563/647/601
f 567/650/602 565/649/602 563/647/602
f 569/651/603 566/648/603 565/649/603
f 570/653/604 568/652/604 565/649/604
f 572/654/605 569/651/605 568/652/605
f 573/656/606 571/655/606 568/652/606
f 575/657/607 572/654/607 571/655/607
f 576/659/608 574/658/608 571/655/608
f 578/660/609 575/657/609 574/658/609
f 579/662/610 577/661/610 574/658/610
f 581/663/611 578/660/611 577/661/611
f 582/665/612 580/664/612 577/661/612
f 584/666/613 581/663/613 580/664/613
f 585/668/614 583/667/614 580/664/614
f 586/669/615 585/668/615 582/665/615
f 587/670/616 582/665/616 579/662/616
f 588/671/617 579/662/617 576/659/617
f 589/672/618 576/659/618 573/656/618
f 590/673/619 573/656/619 570/653/619
f 591/674/620 570/653/620 567/650/620
f 584/666/621 592/677/621 594/675/621
f 593/676/622 595/678/622 594/675/622
f 595/678/623 597/680/623 596/679/623
f 581/663/624 594/675/624 596/679/624
f 597/680/625 599/682/625 598/681/625
f 578/660/626 596/679/626 598/681/626
f 599/682/627 601/684/627 600/683/627
f 575/657/628 598/681/628 600/683/628
f 601/684/629 603/686/629 602/685/629
f 572/654/630 600/683/630 602/685/630
f 603/686/631 605/688/631 604/687/631
f 569/651/632 602/685/632 604/687/632
f 605/688/633 607/690/633 606/689/633
f 566/648/634 604/687/634 606/689/634
f 607/690/635 609/694/635 608/691/635
f 564/646/636 606/689/636 608/691/636
f 612/693/637 610/696/637 609/694/637
f 612/693/638 613/718/638 611/695/638
f 615/697/639 613/718/639 612/693/639
f 614/698/640 612/693/640 607/690/640
f 617/699/641 615/697/641 614/698/641
f 616/700/642 614/698/642 605/688/642
f 618/701/643 619/714/643 617/699/643
f 601/684/644 618/701/644 616/700/644
f 621/702/645 619/714/645 618/701/645
f 620/703/646 618/701/646 601/684/646
f 623/704/661 621/702/661 620/703/661
f 622/705/662 620/703/662 599/682/662
f 625/706/649 623/704/649 622/705/649
f 624/707/650 622/705/650 597/680/650
f 627/708/651 625/706/651 624/707/651
f 593/676/652 626/709/652 624/707/652
o Barrier04
v 20.999994 -1.000000 0.000003
v 20.615702 -4.901806 0.000002
v 20.615696 -1.000000 3.901809
v 20.238791 -4.901806 3.826835
v 19.477581 -1.000000 7.653669
v 19.122545 -4.901806 7.506606
v 17.629383 -1.000000 11.111403
v 17.309858 -4.901806 10.897902
v 15.142125 -1.000000 14.142133
v 14.870395 -4.901806 13.870397
v 12.111395 -1.000000 16.629387
v 11.897898 -4.901806 16.309860
v 8.653659 -1.000000 18.477583
v 8.506601 -4.901806 18.122543
v 4.901798 -1.000000 19.615696
v 0.999993 -1.000000 19.999987
v 4.826830 -4.901806 19.238789
v 4.604799 -8.653669 18.122543
v 0.999997 -4.901806 19.615700
v 1.000001 -8.653669 18.477585
v 0.999998 -12.111405 16.629387
v 1.000000 -15.142136 14.142133
v 4.244230 -12.111405 16.309856
v 3.758993 -15.142136 13.870397
v 7.363789 -12.111405 15.363550
v 8.071068 -8.653669 17.071064
v 6.411960 -15.142136 13.065628
v 10.238791 -12.111405 13.826830
v 11.265598 -8.653669 15.363551
v 8.856949 -15.142136 11.758755
v 12.758751 -12.111405 11.758753
v 14.065628 -8.653669 13.065626
v 10.999999 -15.142136 9.999999
v 14.826830 -12.111405 9.238794
v 16.363552 -8.653669 10.265597
v 12.758755 -15.142136 7.856948
v 16.363550 -12.111405 6.363793
v 18.071066 -8.653669 7.071066
v 14.065628 -15.142136 5.411960
v 17.309858 -12.111405 3.244235
v 19.122547 -8.653669 3.604798
v 14.870397 -15.142136 2.758993
v 17.629389 -12.111405 0.000002
v 19.477589 -8.653669 -0.000001
v 15.142135 -15.142136 -0.000000
v 12.111403 -17.629393 0.000001
v 8.653668 -19.477591 0.000000
v 11.897900 -17.629393 2.167728
v 8.506605 -19.477591 1.493157
v 11.265596 -17.629393 4.252151
v 8.071068 -19.477591 2.928932
v 10.238791 -17.629393 6.173165
v 7.363792 -19.477591 4.252151
v 8.856946 -17.629393 7.856948
v 6.411960 -19.477591 5.411961
v 7.173162 -17.629393 9.238793
v 5.252149 -19.477591 6.363792
v 5.252147 -17.629393 10.265596
v 3.928931 -19.477591 7.071066
v 3.167725 -17.629393 10.897898
v 2.493155 -19.477591 7.506604
v 0.999998 -17.629393 11.111399
v 0.999999 -19.477591 7.653666
v 1.000000 -20.615704 3.901804
v 1.761204 -20.615704 3.826832
v 1.000000 -21.000000 0.000000
v 4.901805 -20.615704 0.000000
v 4.826833 -20.615704 0.761205
v 4.604798 -20.615704 1.493156
v 4.244232 -20.615704 2.167727
v 3.758992 -20.615704 2.758993
v 3.167727 -20.615704 3.244232
v 2.493155 -20.615704 3.604797
vn 0.9904 -0.0975 0.0976
vn 0.9524 -0.0975 0.2889
vn 0.8777 -0.0975 0.4691
vn 0.7693 -0.0975 0.6314
vn 0.6314 -0.0975 0.7693
vn 0.4691 -0.0975 0.8777
vn 0.2889 -0.0975 0.9524
vn 0.0975 -0.0975 0.9904
vn 0.0938 -0.2890 0.9527
vn 0.2779 -0.2890 0.9161
vn 0.0865 -0.4696 0.8786
vn 0.0759 -0.6326 0.7708
vn 0.2563 -0.4696 0.8448
vn 0.2248 -0.6326 0.7412
vn 0.4162 -0.4696 0.7786
vn 0.3651 -0.6326 0.6831
vn 0.5601 -0.4696 0.6825
vn 0.4913 -0.6326 0.5987
vn 0.6825 -0.4696 0.5601
vn 0.5987 -0.6326 0.4913
vn 0.7786 -0.4696 0.4162
vn 0.6831 -0.6326 0.3651
vn 0.8448 -0.4696 0.2563
vn 0.7412 -0.6326 0.2248
vn 0.8786 -0.4696 0.0865
vn 0.7708 -0.6326 0.0759
vn 0.6332 -0.7715 0.0624
vn 0.4709 -0.8810 0.0464
vn 0.6088 -0.7715 0.1847
vn 0.4528 -0.8810 0.1374
vn 0.5611 -0.7715 0.2999
vn 0.4173 -0.8810 0.2230
vn 0.4918 -0.7715 0.4036
vn 0.3658 -0.8810 0.3002
vn 0.4036 -0.7715 0.4918
vn 0.3002 -0.8810 0.3658
vn 0.2999 -0.7715 0.5611
vn 0.2231 -0.8810 0.4173
vn 0.1847 -0.7715 0.6088
vn 0.1374 -0.8810 0.4528
vn 0.0624 -0.7715 0.6332
vn 0.0464 -0.8810 0.4709
vn 0.0286 -0.9565 0.2902
vn 0.0097 -0.9951 0.0980
vn 0.0980 -0.9951 0.0097
vn 0.0942 -0.9951 0.0286
vn 0.0869 -0.9951 0.0464
vn 0.0761 -0.9951 0.0625
vn 0.0625 -0.9951 0.0761
vn 0.0464 -0.9951 0.0869
vn 0.0286 -0.9951 0.0942
vn 0.0846 -0.9565 0.2790
vn 0.1374 -0.9565 0.2571
vn 0.1850 -0.9565 0.2254
vn 0.2254 -0.9565 0.1850
vn 0.2571 -0.9566 0.1374
vn 0.2790 -0.9565 0.0846
vn 0.2902 -0.9565 0.0286
vn 0.9527 -0.2890 0.0938
vn 0.9161 -0.2890 0.2779
vn 0.8443 -0.2890 0.4513
vn 0.7400 -0.2890 0.6073
vn 0.6073 -0.2890 0.7400
vn 0.4513 -0.2890 0.8443
vn 0.4173 -0.8810 0.2231
vn 0.2571 -0.9565 0.1374
vt 0.500000 0.500000
vt 0.468750 0.437500
vt 0.500000 0.437500
vt 0.468750 0.500000
vt 0.437500 0.437500
vt 0.437500 0.500000
vt 0.406250 0.437500
vt 0.406250 0.500000
vt 0.375000 0.437500
vt 0.375000 0.500000
vt 0.343750 0.437500
vt 0.343750 0.500000
vt 0.312500 0.437500
vt 0.312500 0.500000
vt 0.281250 0.437500
vt 0.281250 0.500000
vt 0.250000 0.437500
vt 0.250000 0.375000
vt 0.281250 0.375000
vt 0.312500 0.375000
vt 0.281250 0.312500
vt 0.250000 0.312500
vt 0.250000 0.250000
vt 0.281250 0.250000
vt 0.312500 0.312500
vt 0.312500 0.250000
vt 0.343750 0.312500
vt 0.343750 0.250000
vt 0.375000 0.312500
vt 0.343750 0.375000
vt 0.375000 0.250000
vt 0.406250 0.312500
vt 0.375000 0.375000
vt 0.406250 0.250000
vt 0.437500 0.312500
vt 0.406250 0.375000
vt 0.437500 0.250000
vt 0.468750 0.312500
vt 0.437500 0.375000
vt 0.468750 0.250000
vt 0.500000 0.312500
vt 0.468750 0.375000
vt 0.500000 0.250000
vt 0.500000 0.187500
vt 0.468750 0.187500
vt 0.468750 0.125000
vt 0.500000 0.125000
vt 0.437500 0.187500
vt 0.437500 0.125000
vt 0.406250 0.187500
vt 0.406250 0.125000
vt 0.375000 0.187500
vt 0.375000 0.125000
vt 0.343750 0.187500
vt 0.343750 0.125000
vt 0.312500 0.187500
vt 0.312500 0.125000
vt 0.281250 0.187500
vt 0.281250 0.125000
vt 0.250000 0.187500
vt 0.250000 0.125000
vt 0.250000 0.062500
vt 0.281250 0.062500
vt 0.265625 0.000000
vt 0.484375 0.000000
vt 0.500000 0.062500
vt 0.468750 0.062500
vt 0.453125 0.000000
vt 0.437500 0.062500
vt 0.421875 0.000000
vt 0.406250 0.062500
vt 0.390625 0.000000
vt 0.375000 0.062500
vt 0.359375 0.000000
vt 0.343750 0.062500
vt 0.328125 0.000000
vt 0.312500 0.062500
vt 0.296875 0.000000
vt 0.500000 0.375000
vt 0.250000 0.500000
s 0
usemtl Barrier04Material
f 629/720/663 632/721/663 630/722/663
f 631/723/664 634/724/664 632/721/664
f 633/725/665 636/726/665 634/724/665
f 635/727/666 638/728/666 636/726/666
f 637/729/667 640/730/667 638/728/667
f 639/731/668 642/732/668 640/730/668
f 641/733/669 645/734/669 642/732/669
f 643/735/670 647/736/670 645/734/670
f 645/734/671 648/737/671 646/738/671
f 642/732/672 646/738/672 654/739/672
f 651/740/673 648/737/673 649/741/673
f 651/740/674 650/742/674 652/743/674
f 653/744/675 646/738/675 651/740/675
f 653/744/676 652/743/676 655/745/676
f 656/746/677 654/739/677 653/744/677
f 656/746/678 655/745/678 658/747/678
f 659/748/679 657/749/679 656/746/679
f 659/748/680 658/747/680 661/750/680
f 662/751/681 660/752/681 659/748/681
f 662/751/682 661/750/682 664/753/682
f 665/754/683 663/755/683 662/751/683
f 665/754/684 664/753/684 667/756/684
f 668/757/685 666/758/685 665/754/685
f 668/757/686 667/756/686 670/759/686
f 671/760/687 669/761/687 668/757/687
f 671/760/688 670/759/688 673/762/688
f 674/763/689 670/759/689 676/764/689
f 674/763/690 677/765/690 675/766/690
f 676/764/691 667/756/691 678/767/691
f 677/765/692 678/767/692 679/768/692
f 678/767/693 664/753/693 680/769/693
f 679/768/694 680/769/694 681/770/694
f 680/769/695 661/750/695 682/771/695
f 681/770/696 682/771/696 683/772/696
f 682/771/697 658/747/697 684/773/697
f 682/771/698 685/774/698 683/772/698
f 684/773/699 655/745/699 686/775/699
f 685/774/700 686/775/700 687/776/700
f 686/775/701 652/743/701 688/777/701
f 687/776/702 688/777/702 689/778/702
f 688/777/703 650/742/703 690/779/703
f 688/777/704 691/780/704 689/778/704
f 689/778/705 692/781/705 693/782/705
f 694/783/706 693/782/706 692/781/706
f 694/784/707 695/785/707 696/786/707
f 694/787/708 696/786/708 697/788/708
f 694/789/709 697/788/709 698/790/709
f 694/791/710 698/790/710 699/792/710
f 694/793/711 699/792/711 700/794/711
f 694/795/712 700/794/712 701/796/712
f 694/797/713 701/796/713 693/782/713
f 701/796/714 689/778/714 693/782/714
f 700/794/715 687/776/715 701/796/715
f 683/772/716 700/794/716 699/792/716
f 698/790/717 683/772/717 699/792/717
f 697/788/718 681/770/718 698/790/718
f 696/786/719 679/768/719 697/788/719
f 675/766/720 696/786/720 695/785/720
f 630/722/721 669/761/721 672/798/721
f 632/721/722 666/758/722 669/761/722
f 634/724/723 663/755/723 666/758/723
f 636/726/724 660/752/724 663/755/724
f 638/728/725 657/749/725 660/752/725
f 640/730/726 654/739/726 657/749/726
f 629/720/663 631/723/663 632/721/663
f 631/723/664 633/725/664 634/724/664
f 633/725/665 635/727/665 636/726/665
f 635/727/666 637/729/666 638/728/666
f 637/729/667 639/731/667 640/730/667
f 639/731/668 641/733/668 642/732/668
f 641/733/669 643/735/669 645/734/669
f 643/735/670 644/799/670 647/736/670
f 645/734/671 647/736/671 648/737/671
f 642/732/672 645/734/672 646/738/672
f 651/740/673 646/738/673 648/737/673
f 651/740/674 649/741/674 650/742/674
f 653/744/675 654/739/675 646/738/675
f 653/744/676 651/740/676 652/743/676
f 656/746/677 657/749/677 654/739/677
f 656/746/678 653/744/678 655/745/678
f 659/748/679 660/752/679 657/749/679
f 659/748/680 656/746/680 658/747/680
f 662/751/681 663/755/681 660/752/681
f 662/751/682 659/748/682 661/750/682
f 665/754/683 666/758/683 663/755/683
f 665/754/684 662/751/684 664/753/684
f 668/757/685 669/761/685 666/758/685
f 668/757/686 665/754/686 667/756/686
f 671/760/687 672/798/687 669/761/687
f 671/760/688 668/757/688 670/759/688
f 674/763/689 673/762/689 670/759/689
f 674/763/690 676/764/690 677/765/690
f 676/764/691 670/759/691 667/756/691
f 677/765/692 676/764/692 678/767/692
f 678/767/693 667/756/693 664/753/693
f 679/768/727 678/767/727 680/769/727
f 680/769/695 664/753/695 661/750/695
f 681/770/696 680/769/696 682/771/696
f 682/771/697 661/750/697 658/747/697
f 682/771/698 684/773/698 685/774/698
f 684/773/699 658/747/699 655/745/699
f 685/774/700 684/773/700 686/775/700
f 686/775/701 655/745/701 652/743/701
f 687/776/702 686/775/702 688/777/702
f 688/777/703 652/743/703 650/742/703
f 688/777/704 690/779/704 691/780/704
f 689/778/705 691/780/705 692/781/705
f 701/796/714 687/776/714 689/778/714
f 700/794/715 685/774/715 687/776/715
f 683/772/716 685/774/716 700/794/716
f 698/790/717 681/770/717 683/772/717
f 697/788/728 679/768/728 681/770/728
f 696/786/719 677/765/719 679/768/719
f 675/766/720 677/765/720 696/786/720
f 630/722/721 632/721/721 669/761/721
f 632/721/722 634/724/722 666/758/722
f 634/724/723 636/726/723 663/755/723
f 636/726/724 638/728/724 660/752/724
f 638/728/725 640/730/725 657/749/725
f 640/730/726 642/732/726 654/739/726
o Barrier03
v -1.000003 -4.901806 19.615700
v -4.826836 -4.901806 19.238789
v -1.000007 -1.000000 19.999987
v -0.999999 -8.653669 18.477585
v -4.604797 -8.653669 18.122543
v -1.000002 -12.111405 16.629387
v -4.244234 -12.111405 16.309856
v -1.000000 -15.142136 14.142133
v -3.758993 -15.142136 13.870396
v -1.000002 -17.629393 11.111399
v -3.167728 -17.629393 10.897896
v -1.000001 -19.477591 7.653666
v -2.493157 -19.477591 7.506604
v -1.000000 -20.615704 3.901804
v -1.761204 -20.615704 3.826832
v -1.000000 -21.000000 0.000000
v -3.758992 -20.615704 2.758991
v -2.493155 -20.615704 3.604796
v -3.167726 -20.615704 3.244231
v -4.244231 -20.615704 2.167726
v -4.604796 -20.615704 1.493155
v -4.826831 -20.615704 0.761204
v -4.901803 -20.615704 -0.000000
v -8.653666 -19.477591 -0.000001
v -12.111396 -17.629393 -0.000003
v -8.506602 -19.477591 1.493155
v -11.897894 -17.629393 2.167723
v -8.071066 -19.477591 2.928930
v -11.265593 -17.629393 4.252145
v -7.363791 -19.477591 4.252148
v -10.238791 -17.629393 6.173159
v -6.411960 -19.477591 5.411959
v -8.856946 -17.629393 7.856942
v -5.252151 -19.477591 6.363791
v -7.173164 -17.629393 9.238788
v -3.928932 -19.477591 7.071066
v -5.252151 -17.629393 10.265593
v -6.411960 -15.142136 13.065626
v -7.363792 -12.111405 15.363548
v -8.856949 -15.142136 11.758753
v -10.238792 -12.111405 13.826827
v -10.999998 -15.142136 9.999998
v -12.758752 -12.111405 11.758748
v -12.758753 -15.142136 7.856947
v -14.826830 -12.111405 9.238789
v -14.065627 -15.142136 5.411959
v -16.363548 -12.111405 6.363787
v -14.870396 -15.142136 2.758993
v -17.309855 -12.111405 3.244229
v -15.142132 -15.142136 -0.000001
v -17.629383 -12.111405 -0.000003
v -19.477583 -8.653669 -0.000000
v -20.615696 -4.901806 -0.000005
v -19.122541 -8.653669 3.604798
v -20.238789 -4.901806 3.826828
v -18.071062 -8.653669 7.071065
v -19.122543 -4.901806 7.506598
v -16.363548 -8.653669 10.265596
v -17.309858 -4.901806 10.897894
v -14.065624 -8.653669 13.065625
v -14.870396 -4.901806 13.870391
v -11.265594 -8.653669 15.363550
v -11.897902 -4.901806 16.309855
v -8.071065 -8.653669 17.071062
v -8.506605 -4.901806 18.122541
v -8.653670 -1.000000 18.477575
v -12.111403 -1.000000 16.629375
v -4.901810 -1.000000 19.615690
v -15.142130 -1.000000 14.142118
v -17.629383 -1.000000 11.111388
v -19.477577 -1.000000 7.653654
v -20.615688 -1.000000 3.901794
v -20.999981 -1.000000 -0.000009
vn -0.0938 -0.2890 0.9527
vn -0.0975 -0.0975 0.9904
vn -0.0865 -0.4696 0.8786
vn -0.0759 -0.6326 0.7708
vn -0.0624 -0.7715 0.6332
vn -0.0464 -0.8810 0.4709
vn -0.0286 -0.9565 0.2902
vn -0.0097 -0.9951 0.0980
vn -0.0761 -0.9951 0.0625
vn -0.0625 -0.9951 0.0761
vn -0.0286 -0.9951 0.0942
vn -0.0464 -0.9951 0.0869
vn -0.0869 -0.9951 0.0464
vn -0.0942 -0.9951 0.0286
vn -0.0980 -0.9951 0.0097
vn -0.2902 -0.9565 0.0286
vn -0.4709 -0.8810 0.0464
vn -0.4528 -0.8810 0.1374
vn -0.2790 -0.9565 0.0846
vn -0.4173 -0.8810 0.2230
vn -0.2571 -0.9565 0.1374
vn -0.3658 -0.8810 0.3002
vn -0.2254 -0.9565 0.1850
vn -0.3002 -0.8810 0.3658
vn -0.1850 -0.9565 0.2254
vn -0.2231 -0.8810 0.4173
vn -0.1374 -0.9565 0.2571
vn -0.1374 -0.8810 0.4528
vn -0.0846 -0.9565 0.2790
vn -0.2999 -0.7715 0.5611
vn -0.1847 -0.7715 0.6088
vn -0.3651 -0.6326 0.6831
vn -0.2248 -0.6326 0.7412
vn -0.4913 -0.6326 0.5987
vn -0.4036 -0.7715 0.4918
vn -0.5987 -0.6326 0.4913
vn -0.4918 -0.7715 0.4036
vn -0.6831 -0.6326 0.3651
vn -0.5611 -0.7715 0.2999
vn -0.7412 -0.6326 0.2248
vn -0.6088 -0.7715 0.1847
vn -0.7708 -0.6326 0.0759
vn -0.6332 -0.7715 0.0624
vn -0.8786 -0.4696 0.0865
vn -0.9527 -0.2890 0.0938
vn -0.9161 -0.2890 0.2779
vn -0.8448 -0.4696 0.2563
vn -0.8443 -0.2890 0.4513
vn -0.7786 -0.4696 0.4162
vn -0.7400 -0.2890 0.6073
vn -0.6825 -0.4696 0.5601
vn -0.6073 -0.2890 0.7400
vn -0.5601 -0.4696 0.6825
vn -0.4513 -0.2890 0.8443
vn -0.4162 -0.4696 0.7786
vn -0.2779 -0.2890 0.9161
vn -0.2563 -0.4696 0.8448
vn -0.4691 -0.0975 0.8777
vn -0.2889 -0.0975 0.9524
vn -0.6314 -0.0975 0.7693
vn -0.7693 -0.0975 0.6314
vn -0.8777 -0.0975 0.4691
vn -0.9524 -0.0975 0.2889
vn -0.9904 -0.0975 0.0976
vn -0.0976 -0.0975 0.9904
vn -0.9904 -0.0975 0.0975
vt 0.250000 0.437500
vt 0.218750 0.375000
vt 0.250000 0.375000
vt 0.250000 0.500000
vt 0.218750 0.437500
vt 0.250000 0.312500
vt 0.218750 0.312500
vt 0.218750 0.250000
vt 0.250000 0.250000
vt 0.250000 0.187500
vt 0.218750 0.187500
vt 0.218750 0.125000
vt 0.250000 0.125000
vt 0.218750 0.062500
vt 0.250000 0.062500
vt 0.234375 0.000000
vt 0.109375 0.000000
vt 0.125000 0.062500
vt 0.093750 0.062500
vt 0.140625 0.000000
vt 0.156250 0.062500
vt 0.203125 0.000000
vt 0.187500 0.062500
vt 0.171875 0.000000
vt 0.078125 0.000000
vt 0.062500 0.062500
vt 0.046875 0.000000
vt 0.031250 0.062500
vt 0.015625 0.000000
vt 0.000000 0.062500
vt 0.000000 0.125000
vt 0.031250 0.187500
vt 0.031250 0.125000
vt 0.062500 0.187500
vt 0.062500 0.125000
vt 0.093750 0.187500
vt 0.093750 0.125000
vt 0.125000 0.187500
vt 0.125000 0.125000
vt 0.156250 0.187500
vt 0.156250 0.125000
vt 0.187500 0.187500
vt 0.187500 0.125000
vt 0.156250 0.250000
vt 0.187500 0.250000
vt 0.187500 0.312500
vt 0.156250 0.312500
vt 0.125000 0.250000
vt 0.125000 0.312500
vt 0.093750 0.250000
vt 0.093750 0.312500
vt 0.062500 0.250000
vt 0.062500 0.312500
vt 0.031250 0.250000
vt 0.031250 0.312500
vt 0.000000 0.250000
vt 0.000000 0.187500
vt 0.000000 0.375000
vt 0.000000 0.312500
vt 0.031250 0.437500
vt 0.031250 0.375000
vt 0.062500 0.437500
vt 0.062500 0.375000
vt 0.093750 0.437500
vt 0.093750 0.375000
vt 0.125000 0.437500
vt 0.125000 0.375000
vt 0.156250 0.437500
vt 0.156250 0.375000
vt 0.187500 0.437500
vt 0.187500 0.375000
vt 0.187500 0.500000
vt 0.218750 0.500000
vt 0.156250 0.500000
vt 0.125000 0.500000
vt 0.093750 0.500000
vt 0.062500 0.500000
vt 0.031250 0.500000
vt 0.000000 0.437500
vt 0.000000 0.500000
s 0
usemtl Barrier03Material
f 702/800/729 706/801/729 705/802/729
f 704/803/730 703/804/730 702/800/730
f 707/805/731 706/801/731 708/806/731
f 707/805/732 710/807/732 709/808/732
f 711/809/733 710/807/733 712/810/733
f 711/809/734 714/811/734 713/812/734
f 713/812/735 716/813/735 715/814/735
f 717/815/736 715/814/736 716/813/736
f 717/816/737 718/817/737 721/818/737
f 717/819/738 720/820/738 718/817/738
f 717/821/739 716/813/739 719/822/739
f 717/823/740 719/822/740 720/820/740
f 717/824/741 721/818/741 722/825/741
f 717/826/742 722/825/742 723/827/742
f 717/828/743 723/827/743 724/829/743
f 723/827/744 725/830/744 724/829/744
f 728/831/745 725/830/745 727/832/745
f 730/833/746 727/832/746 729/834/746
f 722/825/747 727/832/747 723/827/747
f 732/835/748 729/834/748 731/836/748
f 721/818/749 729/834/749 722/825/749
f 734/837/750 731/836/750 733/838/750
f 733/838/751 721/818/751 718/817/751
f 736/839/752 733/838/752 735/840/752
f 720/820/753 733/838/753 718/817/753
f 738/841/754 735/840/754 737/842/754
f 737/842/755 720/820/755 719/822/755
f 714/811/756 738/841/756 737/842/756
f 714/811/757 719/822/757 716/813/757
f 738/841/758 741/843/758 736/839/758
f 712/810/759 739/844/759 738/841/759
f 740/845/760 741/843/760 739/844/760
f 708/806/761 739/844/761 710/807/761
f 742/846/762 743/847/762 741/843/762
f 736/839/763 743/847/763 734/837/763
f 744/848/764 745/849/764 743/847/764
f 734/837/765 745/849/765 732/835/765
f 746/850/766 747/851/766 745/849/766
f 732/835/767 747/851/767 730/833/767
f 748/852/768 749/853/768 747/851/768
f 730/833/769 749/853/769 728/831/769
f 750/854/770 751/855/770 749/853/770
f 728/831/771 751/855/771 726/856/771
f 750/854/772 753/857/772 752/858/772
f 756/859/773 753/857/773 755/860/773
f 758/861/774 755/860/774 757/862/774
f 748/852/775 755/860/775 750/854/775
f 760/863/776 757/862/776 759/864/776
f 746/850/777 757/862/777 748/852/777
f 762/865/778 759/864/778 761/866/778
f 744/848/779 759/864/779 746/850/779
f 764/867/780 761/866/780 763/868/780
f 742/846/781 761/866/781 744/848/781
f 766/869/782 763/868/782 765/870/782
f 740/845/783 763/868/783 742/846/783
f 703/804/784 765/870/784 706/801/784
f 708/806/785 765/870/785 740/845/785
f 767/871/786 764/867/786 766/869/786
f 769/872/787 766/869/787 703/804/787
f 768/873/788 762/865/788 764/867/788
f 770/874/789 760/863/789 762/865/789
f 771/875/790 758/861/790 760/863/790
f 772/876/791 756/859/791 758/861/791
f 773/877/792 754/878/792 756/859/792
f 702/800/729 703/804/729 706/801/729
f 704/803/793 769/872/793 703/804/793
f 707/805/731 705/802/731 706/801/731
f 707/805/732 708/806/732 710/807/732
f 711/809/733 709/808/733 710/807/733
f 711/809/734 712/810/734 714/811/734
f 713/812/735 714/811/735 716/813/735
f 723/827/744 727/832/744 725/830/744
f 728/831/745 726/856/745 725/830/745
f 730/833/746 728/831/746 727/832/746
f 722/825/747 729/834/747 727/832/747
f 732/835/748 730/833/748 729/834/748
f 721/818/749 731/836/749 729/834/749
f 734/837/750 732/835/750 731/836/750
f 733/838/751 731/836/751 721/818/751
f 736/839/752 734/837/752 733/838/752
f 720/820/753 735/840/753 733/838/753
f 738/841/754 736/839/754 735/840/754
f 737/842/755 735/840/755 720/820/755
f 714/811/756 712/810/756 738/841/756
f 714/811/757 737/842/757 719/822/757
f 738/841/758 739/844/758 741/843/758
f 712/810/759 710/807/759 739/844/759
f 740/845/760 742/846/760 741/843/760
f 708/806/761 740/845/761 739/844/761
f 742/846/762 744/848/762 743/847/762
f 736/839/763 741/843/763 743/847/763
f 744/848/764 746/850/764 745/849/764
f 734/837/765 743/847/765 745/849/765
f 746/850/766 748/852/766 747/851/766
f 732/835/767 745/849/767 747/851/767
f 748/852/768 750/854/768 749/853/768
f 730/833/769 747/851/769 749/853/769
f 750/854/770 752/858/770 751/855/770
f 728/831/771 749/853/771 751/855/771
f 750/854/772 755/860/772 753/857/772
f 756/859/773 754/878/773 753/857/773
f 758/861/774 756/859/774 755/860/774
f 748/852/775 757/862/775 755/860/775
f 760/863/776 758/861/776 757/862/776
f 746/850/777 759/864/777 757/862/777
f 762/865/778 760/863/778 759/864/778
f 744/848/779 761/866/779 759/864/779
f 764/867/780 762/865/780 761/866/780
f 742/846/781 763/868/781 761/866/781
f 766/869/782 764/867/782 763/868/782
f 740/845/783 765/870/783 763/868/783
f 703/804/784 766/869/784 765/870/784
f 708/806/785 706/801/785 765/870/785
f 767/871/786 768/873/786 764/867/786
f 769/872/787 767/871/787 766/869/787
f 768/873/788 770/874/788 762/865/788
f 770/874/789 771/875/789 760/863/789
f 771/875/790 772/876/790 758/861/790
f 772/876/791 773/877/791 756/859/791
f 773/877/794 774/879/794 754/878/794
